name,form_ict_index,photo,total_points,transfer_in,status,team,now_cost,position,team_shirt
Erling Haaland,421.47999999999996,223094.jpg,41,2455174,a,Man city,11.8,FOW,https://fantasy.premierleague.com/dist/img/shirts/standard/shirt_43-66.webp
Aleksandar Mitrović,391.68,128389.jpg,34,1536810,a,Fulham,6.7,FOW,https://fantasy.premierleague.com/dist/img/shirts/standard/shirt_54-66.webp
Rodrigo Moreno,361.0,80954.jpg,38,3046673,d,Leeds,6.5,MID,https://fantasy.premierleague.com/dist/img/shirts/standard/shirt_2-66.webp
Pascal Groß,330.04,60307.jpg,37,1742832,a,Brighton,5.8,MID,https://fantasy.premierleague.com/dist/img/shirts/standard/shirt_36-66.webp
Raheem Sterling,291.2,103955.jpg,32,346134,a,Chelsea,9.9,MID,https://fantasy.premierleague.com/dist/img/shirts/standard/shirt_8-66.webp
Harry Kane,285.48,78830.jpg,26,515738,a,Tottenham,11.4,FOW,https://fantasy.premierleague.com/dist/img/shirts/standard/shirt_6-66.webp
Kevin De Bruyne,272.16,61366.jpg,27,1232068,a,Man city,12.2,MID,https://fantasy.premierleague.com/dist/img/shirts/standard/shirt_43-66.webp
Gabriel Fernando de Jesus,262.08,205651.jpg,26,1372560,a,Arsenal,8.2,FOW,https://fantasy.premierleague.com/dist/img/shirts/standard/shirt_3-66.webp
Jack Harrison,259.28,221399.jpg,28,434790,a,Leeds,6.1,MID,https://fantasy.premierleague.com/dist/img/shirts/standard/shirt_2-66.webp
Wilfried Zaha,244.16,82403.jpg,28,641983,a,Crystal Palace,7.1,MID,https://fantasy.premierleague.com/dist/img/shirts/standard/shirt_31-66.webp
Mohamed Salah,235.0,118748.jpg,25,518826,a,Liverpool,13.0,MID,https://fantasy.premierleague.com/dist/img/shirts/standard/shirt_14-66.webp
Allan Saint-Maximin,205.20000000000002,170137.jpg,27,618403,d,Newcastle,6.5,MID,https://fantasy.premierleague.com/dist/img/shirts/standard/shirt_4-66.webp
Gabriel Martinelli Silva,204.0,444145.jpg,24,2178621,a,Arsenal,6.4,MID,https://fantasy.premierleague.com/dist/img/shirts/standard/shirt_3-66.webp
Martin Ødegaard,203.35999999999999,184029.jpg,31,1076608,a,Arsenal,6.6,MID,https://fantasy.premierleague.com/dist/img/shirts/standard/shirt_3-66.webp
Ivan Toney,201.04,144485.jpg,28,1631089,a,Brentford,7.2,FOW,https://fantasy.premierleague.com/dist/img/shirts/standard/shirt_94-66.webp
Roberto Firmino,189.5,92217.jpg,25,246312,a,Liverpool,8.0,FOW,https://fantasy.premierleague.com/dist/img/shirts/standard/shirt_14-66.webp
Luis Díaz,188.46,244731.jpg,27,1382038,a,Liverpool,8.1,MID,https://fantasy.premierleague.com/dist/img/shirts/standard/shirt_14-66.webp
Ilkay Gündogan,186.5,59859.jpg,25,522204,a,Man city,7.6,MID,https://fantasy.premierleague.com/dist/img/shirts/standard/shirt_43-66.webp
Anthony Gordon,169.1,232826.jpg,19,132911,a,Everton,5.5,MID,https://fantasy.premierleague.com/dist/img/shirts/standard/shirt_11-66.webp
Trent Alexander-Arnold,154.98,169187.jpg,21,569583,a,Liverpool,7.5,DEF,https://fantasy.premierleague.com/dist/img/shirts/standard/shirt_14-66.webp
Dejan Kulusevski,154.08,445044.jpg,24,1132985,a,Tottenham,8.2,MID,https://fantasy.premierleague.com/dist/img/shirts/standard/shirt_6-66.webp
Leandro Trossard,149.2,116216.jpg,20,157625,a,Brighton,6.5,MID,https://fantasy.premierleague.com/dist/img/shirts/standard/shirt_36-66.webp
Bernardo Veiga de Carvalho e Silva,146.4,165809.jpg,24,478480,a,Man city,6.9,MID,https://fantasy.premierleague.com/dist/img/shirts/standard/shirt_43-66.webp
James Ward-Prowse,144.9,101178.jpg,21,344989,a,Southampton,6.5,MID,https://fantasy.premierleague.com/dist/img/shirts/standard/shirt_20-66.webp
Reece James,134.20000000000002,225796.jpg,22,1138305,d,Chelsea,6.1,DEF,https://fantasy.premierleague.com/dist/img/shirts/standard/shirt_8-66.webp
Phil Foden,131.4,209244.jpg,18,380913,a,Man city,8.0,MID,https://fantasy.premierleague.com/dist/img/shirts/standard/shirt_43-66.webp
Mathias Jensen,126.49999999999999,207283.jpg,23,397087,a,Brentford,5.1,MID,https://fantasy.premierleague.com/dist/img/shirts/standard/shirt_94-66.webp
Dean Henderson,119.39999999999999,172649.jpg,30,556825,a,Nottingham Forest,4.6,GK,https://fantasy.premierleague.com/dist/img/shirts/standard/shirt_17-66.webp
James Maddison,118.18,172780.jpg,19,247848,d,Leicester,7.9,MID,https://fantasy.premierleague.com/dist/img/shirts/standard/shirt_13-66.webp
Andreas Hoelgebaum Pereira,114.66000000000001,156689.jpg,21,656508,a,Fulham,4.5,MID,https://fantasy.premierleague.com/dist/img/shirts/standard/shirt_54-66.webp
Granit Xhaka,111.32000000000001,84450.jpg,22,277349,a,Arsenal,5.0,MID,https://fantasy.premierleague.com/dist/img/shirts/standard/shirt_3-66.webp
Demarai Gray,110.5,172632.jpg,17,65433,a,Everton,5.5,MID,https://fantasy.premierleague.com/dist/img/shirts/standard/shirt_11-66.webp
Brenden Aaronson,104.38,427637.jpg,17,107668,a,Leeds,5.5,MID,https://fantasy.premierleague.com/dist/img/shirts/standard/shirt_2-66.webp
Eberechi Eze,99.94,232413.jpg,19,208221,a,Crystal Palace,5.5,MID,https://fantasy.premierleague.com/dist/img/shirts/standard/shirt_31-66.webp
Kieran Trippier,97.68,77794.jpg,22,1282453,d,Newcastle,5.1,DEF,https://fantasy.premierleague.com/dist/img/shirts/standard/shirt_4-66.webp
Che Adams,96.48,200439.jpg,18,74028,a,Southampton,6.4,FOW,https://fantasy.premierleague.com/dist/img/shirts/standard/shirt_20-66.webp
Alexis Mac Allister,95.5,243016.jpg,25,39262,a,Brighton,5.5,MID,https://fantasy.premierleague.com/dist/img/shirts/standard/shirt_36-66.webp
Bobby De Cordova-Reid,94.19999999999999,96994.jpg,15,5565,a,Fulham,5.5,MID,https://fantasy.premierleague.com/dist/img/shirts/standard/shirt_54-66.webp
Mason Mount,91.78,184341.jpg,13,121797,a,Chelsea,7.7,MID,https://fantasy.premierleague.com/dist/img/shirts/standard/shirt_8-66.webp
Rúben da Silva Neves,91.08,171317.jpg,18,106565,a,Wolves,5.5,MID,https://fantasy.premierleague.com/dist/img/shirts/standard/shirt_39-66.webp
Ollie Watkins,90.4,178301.jpg,20,192438,a,Aston Villa,7.4,FOW,https://fantasy.premierleague.com/dist/img/shirts/standard/shirt_7-66.webp
Danny Welbeck,89.08,50175.jpg,17,183023,a,Brighton,6.5,FOW,https://fantasy.premierleague.com/dist/img/shirts/standard/shirt_36-66.webp
Bukayo Saka,87.68,223340.jpg,16,214098,a,Arsenal,7.8,MID,https://fantasy.premierleague.com/dist/img/shirts/standard/shirt_3-66.webp
Fabian Schär,86.94,119471.jpg,21,719258,a,Newcastle,4.7,DEF,https://fantasy.premierleague.com/dist/img/shirts/standard/shirt_4-66.webp
Vitaly Janelt,86.03999999999999,204580.jpg,18,2981,a,Brentford,5.5,MID,https://fantasy.premierleague.com/dist/img/shirts/standard/shirt_94-66.webp
Marcus Rashford,85.12,176297.jpg,16,341844,a,Man United,6.3,MID,https://fantasy.premierleague.com/dist/img/shirts/standard/shirt_1-66.webp
Pascal Struijk,84.36,222694.jpg,19,46335,a,Leeds,4.5,DEF,https://fantasy.premierleague.com/dist/img/shirts/standard/shirt_2-66.webp
Pierre-Emile Højbjerg,81.94,132015.jpg,17,123215,a,Tottenham,5.5,MID,https://fantasy.premierleague.com/dist/img/shirts/standard/shirt_6-66.webp
Gabriel dos Santos Magalhães,80.16,226597.jpg,24,399863,a,Arsenal,5.0,DEF,https://fantasy.premierleague.com/dist/img/shirts/standard/shirt_3-66.webp
Miguel Almirón Rejala,80.1,179018.jpg,15,117369,a,Newcastle,5.0,MID,https://fantasy.premierleague.com/dist/img/shirts/standard/shirt_4-66.webp
Diogo Dalot Teixeira,79.03999999999999,216051.jpg,13,200037,a,Man United,4.4,DEF,https://fantasy.premierleague.com/dist/img/shirts/standard/shirt_1-66.webp
William Saliba,78.96,462424.jpg,28,1495653,a,Arsenal,4.7,DEF,https://fantasy.premierleague.com/dist/img/shirts/standard/shirt_3-66.webp
Ivan Perišić,78.66,45034.jpg,23,1312013,a,Tottenham,5.6,DEF,https://fantasy.premierleague.com/dist/img/shirts/standard/shirt_6-66.webp
Son Heung-min,78.26,85971.jpg,13,162762,a,Tottenham,11.8,MID,https://fantasy.premierleague.com/dist/img/shirts/standard/shirt_6-66.webp
Bryan Mbeumo,77.55999999999999,446008.jpg,14,183535,a,Brentford,6.0,FOW,https://fantasy.premierleague.com/dist/img/shirts/standard/shirt_94-66.webp
Bruno Borges Fernandes,77.04,141746.jpg,12,55782,a,Man United,9.8,MID,https://fantasy.premierleague.com/dist/img/shirts/standard/shirt_1-66.webp
Solly March,76.19999999999999,109345.jpg,15,52033,a,Brighton,5.0,MID,https://fantasy.premierleague.com/dist/img/shirts/standard/shirt_36-66.webp
Emerson Leite de Souza Junior,69.08,241157.jpg,22,422673,a,Tottenham,5.1,DEF,https://fantasy.premierleague.com/dist/img/shirts/standard/shirt_6-66.webp
Harvey Elliott,68.38000000000001,444884.jpg,13,87001,a,Liverpool,5.0,MID,https://fantasy.premierleague.com/dist/img/shirts/standard/shirt_14-66.webp
Callum Wilson,66.64,75115.jpg,14,107240,i,Newcastle,7.3,FOW,https://fantasy.premierleague.com/dist/img/shirts/standard/shirt_4-66.webp
Josh Dasilva,65.88000000000001,183656.jpg,18,1237187,a,Brentford,4.6,MID,https://fantasy.premierleague.com/dist/img/shirts/standard/shirt_94-66.webp
Rodrigo Hernandez,64.96000000000001,220566.jpg,16,84740,a,Man city,5.9,MID,https://fantasy.premierleague.com/dist/img/shirts/standard/shirt_43-66.webp
David Raya Martin,64.26,154561.jpg,21,236187,a,Brentford,4.5,GK,https://fantasy.premierleague.com/dist/img/shirts/standard/shirt_94-66.webp
Kyle Walker-Peters,61.88,158534.jpg,13,43047,a,Southampton,4.5,DEF,https://fantasy.premierleague.com/dist/img/shirts/standard/shirt_20-66.webp
Joelinton Cássio Apolinário de Lira,61.82000000000001,180974.jpg,11,37498,a,Newcastle,6.0,MID,https://fantasy.premierleague.com/dist/img/shirts/standard/shirt_4-66.webp
Adam Armstrong,60.839999999999996,155511.jpg,18,61942,a,Southampton,5.5,FOW,https://fantasy.premierleague.com/dist/img/shirts/standard/shirt_20-66.webp
Jorge Luiz Frello Filho,60.42,85955.jpg,19,297270,a,Chelsea,6.0,MID,https://fantasy.premierleague.com/dist/img/shirts/standard/shirt_8-66.webp
João Cancelo,60.42,121145.jpg,19,796305,a,Man city,7.1,DEF,https://fantasy.premierleague.com/dist/img/shirts/standard/shirt_43-66.webp
Joël Veltman,60.0,111478.jpg,25,386052,a,Brighton,4.6,DEF,https://fantasy.premierleague.com/dist/img/shirts/standard/shirt_36-66.webp
Ben Davies,59.4,115556.jpg,18,37473,a,Tottenham,5.0,DEF,https://fantasy.premierleague.com/dist/img/shirts/standard/shirt_6-66.webp
José Malheiro de Sá,59.339999999999996,149065.jpg,23,179523,a,Wolves,5.0,GK,https://fantasy.premierleague.com/dist/img/shirts/standard/shirt_39-66.webp
Alex Iwobi,58.559999999999995,153133.jpg,12,11277,a,Everton,5.5,MID,https://fantasy.premierleague.com/dist/img/shirts/standard/shirt_11-66.webp
Eric Dier,57.96000000000001,93264.jpg,21,223359,a,Tottenham,5.0,DEF,https://fantasy.premierleague.com/dist/img/shirts/standard/shirt_6-66.webp
Rico Henry,57.900000000000006,194010.jpg,15,120736,a,Brentford,4.5,DEF,https://fantasy.premierleague.com/dist/img/shirts/standard/shirt_94-66.webp
Joe Ayodele-Aribo,57.72,193204.jpg,13,32161,a,Southampton,5.5,MID,https://fantasy.premierleague.com/dist/img/shirts/standard/shirt_20-66.webp
Joachim Andersen,57.12,174874.jpg,12,67275,a,Crystal Palace,4.5,DEF,https://fantasy.premierleague.com/dist/img/shirts/standard/shirt_31-66.webp
Jadon Sancho,56.64,209243.jpg,16,172861,a,Man United,7.3,MID,https://fantasy.premierleague.com/dist/img/shirts/standard/shirt_1-66.webp
Jordan Pickford,56.0,111234.jpg,16,105378,a,Everton,4.5,GK,https://fantasy.premierleague.com/dist/img/shirts/standard/shirt_11-66.webp
Robert Sánchez,55.620000000000005,215059.jpg,27,809164,a,Brighton,4.7,GK,https://fantasy.premierleague.com/dist/img/shirts/standard/shirt_36-66.webp
Ben Mee,54.72,51927.jpg,18,373852,a,Brentford,4.6,DEF,https://fantasy.premierleague.com/dist/img/shirts/standard/shirt_94-66.webp
Neco Williams,54.54,215136.jpg,9,690950,a,Nottingham Forest,4.1,DEF,https://fantasy.premierleague.com/dist/img/shirts/standard/shirt_17-66.webp
Pablo Fornals Malla,53.72,217593.jpg,17,30955,a,Westham,5.4,MID,https://fantasy.premierleague.com/dist/img/shirts/standard/shirt_21-66.webp
Christian Nørgaard,53.400000000000006,128295.jpg,15,23080,a,Brentford,5.5,MID,https://fantasy.premierleague.com/dist/img/shirts/standard/shirt_94-66.webp
Oleksandr Zinchenko,52.059999999999995,206325.jpg,19,1468520,d,Arsenal,5.2,DEF,https://fantasy.premierleague.com/dist/img/shirts/standard/shirt_3-66.webp
Marc Cucurella Saseta,50.82000000000001,179268.jpg,11,892894,a,Chelsea,5.2,DEF,https://fantasy.premierleague.com/dist/img/shirts/standard/shirt_8-66.webp
Emiliano Buendía Stati,49.440000000000005,195546.jpg,12,39957,a,Aston Villa,5.9,MID,https://fantasy.premierleague.com/dist/img/shirts/standard/shirt_7-66.webp
Nick Pope,49.28,98747.jpg,22,286235,a,Newcastle,5.0,GK,https://fantasy.premierleague.com/dist/img/shirts/standard/shirt_4-66.webp
Virgil van Dijk,48.32,97032.jpg,16,204319,a,Liverpool,6.5,DEF,https://fantasy.premierleague.com/dist/img/shirts/standard/shirt_14-66.webp
João Palhinha Gonçalves,47.06,154296.jpg,13,20499,a,Fulham,5.0,MID,https://fantasy.premierleague.com/dist/img/shirts/standard/shirt_54-66.webp
Adam Webster,46.4,110735.jpg,20,51518,a,Brighton,4.5,DEF,https://fantasy.premierleague.com/dist/img/shirts/standard/shirt_36-66.webp
Daniel Castelo Podence,46.199999999999996,200600.jpg,14,147195,a,Wolves,5.5,MID,https://fantasy.premierleague.com/dist/img/shirts/standard/shirt_39-66.webp
James Tarkowski,45.0,17761.jpg,9,21720,a,Everton,4.5,DEF,https://fantasy.premierleague.com/dist/img/shirts/standard/shirt_11-66.webp
Joe Willock,44.6,200089.jpg,10,20867,a,Newcastle,4.9,MID,https://fantasy.premierleague.com/dist/img/shirts/standard/shirt_4-66.webp
Yoane Wissa,44.480000000000004,216646.jpg,16,8196,a,Brentford,5.4,MID,https://fantasy.premierleague.com/dist/img/shirts/standard/shirt_94-66.webp
Kiernan Dewsbury-Hall,43.8,215413.jpg,15,218983,a,Leicester,5.0,MID,https://fantasy.premierleague.com/dist/img/shirts/standard/shirt_13-66.webp
Jesse Lingard,43.160000000000004,109322.jpg,13,93723,a,Nottingham Forest,5.8,MID,https://fantasy.premierleague.com/dist/img/shirts/standard/shirt_17-66.webp
Pedro Lomba Neto,42.300000000000004,247632.jpg,9,156516,a,Wolves,5.2,MID,https://fantasy.premierleague.com/dist/img/shirts/standard/shirt_39-66.webp
Pervis Estupiñán,42.18000000000001,204214.jpg,11,41468,a,Brighton,4.5,DEF,https://fantasy.premierleague.com/dist/img/shirts/standard/shirt_36-66.webp
Moisés Caicedo Corozo,42.12,486672.jpg,13,22927,a,Brighton,5.0,MID,https://fantasy.premierleague.com/dist/img/shirts/standard/shirt_36-66.webp
Thiago Emiliano da Silva,42.02,51090.jpg,11,103922,a,Chelsea,5.5,DEF,https://fantasy.premierleague.com/dist/img/shirts/standard/shirt_8-66.webp
Andrew Robertson,41.86000000000001,122798.jpg,13,161307,a,Liverpool,6.9,DEF,https://fantasy.premierleague.com/dist/img/shirts/standard/shirt_14-66.webp
Kalidou Koulibaly,41.76,86129.jpg,12,425871,a,Chelsea,5.5,DEF,https://fantasy.premierleague.com/dist/img/shirts/standard/shirt_8-66.webp
Cheick Doucouré,41.72,438464.jpg,14,6844,a,Crystal Palace,5.0,MID,https://fantasy.premierleague.com/dist/img/shirts/standard/shirt_31-66.webp
Rúben Gato Alves Dias,40.879999999999995,171314.jpg,14,262799,a,Man city,6.0,DEF,https://fantasy.premierleague.com/dist/img/shirts/standard/shirt_43-66.webp
Jamie Vardy,40.04,101668.jpg,14,96307,a,Leicester,9.4,FOW,https://fantasy.premierleague.com/dist/img/shirts/standard/shirt_13-66.webp
Emiliano Martínez Romero,40.0,98980.jpg,16,92731,a,Aston Villa,5.0,GK,https://fantasy.premierleague.com/dist/img/shirts/standard/shirt_7-66.webp
Timothy Castagne,39.8,166477.jpg,10,107897,a,Leicester,4.5,DEF,https://fantasy.premierleague.com/dist/img/shirts/standard/shirt_13-66.webp
Dan Burn,39.36000000000001,78916.jpg,16,78381,a,Newcastle,4.5,DEF,https://fantasy.premierleague.com/dist/img/shirts/standard/shirt_4-66.webp
Aaron Cresswell,39.06,55459.jpg,9,77426,a,Westham,4.9,DEF,https://fantasy.premierleague.com/dist/img/shirts/standard/shirt_21-66.webp
Edouard Mendy,38.7,228286.jpg,15,478916,a,Chelsea,5.0,GK,https://fantasy.premierleague.com/dist/img/shirts/standard/shirt_8-66.webp
Christian Eriksen,38.519999999999996,80607.jpg,9,88940,a,Man United,6.3,MID,https://fantasy.premierleague.com/dist/img/shirts/standard/shirt_1-66.webp
Roméo Lavia,38.480000000000004,514356.jpg,13,70046,d,Southampton,4.5,MID,https://fantasy.premierleague.com/dist/img/shirts/standard/shirt_20-66.webp
Robin Koch,37.96,193645.jpg,13,6096,a,Leeds,4.5,DEF,https://fantasy.premierleague.com/dist/img/shirts/standard/shirt_2-66.webp
Brennan Johnson,37.96,242898.jpg,13,65485,a,Nottingham Forest,5.9,FOW,https://fantasy.premierleague.com/dist/img/shirts/standard/shirt_17-66.webp
Mason Holgate,37.44,194164.jpg,12,4987,i,Everton,4.5,DEF,https://fantasy.premierleague.com/dist/img/shirts/standard/shirt_11-66.webp
Moussa Djenepo,36.96,431131.jpg,12,12687,a,Southampton,5.0,MID,https://fantasy.premierleague.com/dist/img/shirts/standard/shirt_20-66.webp
Neeskens Kebano,36.48,92259.jpg,12,5547,a,Fulham,5.5,MID,https://fantasy.premierleague.com/dist/img/shirts/standard/shirt_54-66.webp
Lewis Dunk,36.12,83299.jpg,21,416466,a,Brighton,4.6,DEF,https://fantasy.premierleague.com/dist/img/shirts/standard/shirt_36-66.webp
Rasmus Kristensen,35.86000000000001,224209.jpg,11,21692,a,Leeds,4.9,DEF,https://fantasy.premierleague.com/dist/img/shirts/standard/shirt_2-66.webp
Illan Meslier,35.839999999999996,437495.jpg,16,73263,a,Leeds,4.5,GK,https://fantasy.premierleague.com/dist/img/shirts/standard/shirt_2-66.webp
Youri Tielemans,35.46,166989.jpg,9,33317,a,Leicester,6.4,MID,https://fantasy.premierleague.com/dist/img/shirts/standard/shirt_13-66.webp
Kieffer Moore,34.56,128340.jpg,12,148305,a,Bournemouth,5.5,FOW,https://fantasy.premierleague.com/dist/img/shirts/standard/shirt_91-66.webp
Gonçalo Manuel Ganchinho Guedes,33.5,181284.jpg,10,70522,a,Wolves,6.0,MID,https://fantasy.premierleague.com/dist/img/shirts/standard/shirt_39-66.webp
Ruben Loftus-Cheek,32.32,126187.jpg,8,19715,d,Chelsea,5.0,MID,https://fantasy.premierleague.com/dist/img/shirts/standard/shirt_8-66.webp
Danny Ings,32.0,84939.jpg,10,73597,a,Aston Villa,6.8,FOW,https://fantasy.premierleague.com/dist/img/shirts/standard/shirt_7-66.webp
Tomas Soucek,31.680000000000003,215439.jpg,9,20848,a,Westham,5.4,MID,https://fantasy.premierleague.com/dist/img/shirts/standard/shirt_21-66.webp
Lloyd Kelly,31.46,235530.jpg,13,85893,d,Bournemouth,4.5,DEF,https://fantasy.premierleague.com/dist/img/shirts/standard/shirt_91-66.webp
Nathan Patterson,31.04,243571.jpg,8,487149,a,Everton,4.0,DEF,https://fantasy.premierleague.com/dist/img/shirts/standard/shirt_11-66.webp
Darwin Núñez Ribeiro,30.94,447203.jpg,7,439500,a,Liverpool,8.9,FOW,https://fantasy.premierleague.com/dist/img/shirts/standard/shirt_14-66.webp
Kai Havertz,30.880000000000003,219847.jpg,8,146453,a,Chelsea,7.8,FOW,https://fantasy.premierleague.com/dist/img/shirts/standard/shirt_8-66.webp
Kenny Tete,30.680000000000003,167074.jpg,13,30463,a,Fulham,4.5,DEF,https://fantasy.premierleague.com/dist/img/shirts/standard/shirt_54-66.webp
Declan Rice,30.6,204480.jpg,9,115187,a,Westham,4.9,MID,https://fantasy.premierleague.com/dist/img/shirts/standard/shirt_21-66.webp
Dwight McNeil,30.240000000000002,433154.jpg,9,5537,a,Everton,5.3,MID,https://fantasy.premierleague.com/dist/img/shirts/standard/shirt_11-66.webp
Kurt Zouma,29.119999999999997,103192.jpg,13,34793,a,Westham,4.5,DEF,https://fantasy.premierleague.com/dist/img/shirts/standard/shirt_21-66.webp
Jordan Ayew,28.980000000000004,80146.jpg,9,15608,a,Crystal Palace,5.5,MID,https://fantasy.premierleague.com/dist/img/shirts/standard/shirt_31-66.webp
Marc Roca Junqué,28.8,234370.jpg,9,2485,a,Leeds,4.9,MID,https://fantasy.premierleague.com/dist/img/shirts/standard/shirt_2-66.webp
Tyler Adams,28.62,200785.jpg,9,10705,a,Leeds,5.0,MID,https://fantasy.premierleague.com/dist/img/shirts/standard/shirt_2-66.webp
Antonee Robinson,28.62,169528.jpg,9,6880,a,Fulham,4.5,DEF,https://fantasy.premierleague.com/dist/img/shirts/standard/shirt_54-66.webp
Gavin Bazunu,28.6,456350.jpg,11,10404,a,Southampton,4.5,GK,https://fantasy.premierleague.com/dist/img/shirts/standard/shirt_20-66.webp
Diego Llorente,28.559999999999995,149915.jpg,14,21604,a,Leeds,4.5,DEF,https://fantasy.premierleague.com/dist/img/shirts/standard/shirt_2-66.webp
Vitalii Mykolenko,28.160000000000004,224967.jpg,8,13046,a,Everton,4.5,DEF,https://fantasy.premierleague.com/dist/img/shirts/standard/shirt_11-66.webp
Taiwo Awoniyi,27.84,210156.jpg,12,81786,a,Nottingham Forest,5.9,FOW,https://fantasy.premierleague.com/dist/img/shirts/standard/shirt_17-66.webp
David De Gea Quintana,27.82,51940.jpg,13,90626,a,Man United,4.9,GK,https://fantasy.premierleague.com/dist/img/shirts/standard/shirt_1-66.webp
Jonathan Castro Otto,27.720000000000002,114128.jpg,11,19271,a,Wolves,4.4,DEF,https://fantasy.premierleague.com/dist/img/shirts/standard/shirt_39-66.webp
James Milner,27.36,15157.jpg,9,106841,a,Liverpool,4.5,MID,https://fantasy.premierleague.com/dist/img/shirts/standard/shirt_14-66.webp
Fábio Freitas Gouveia Carvalho,27.36,244858.jpg,12,17095,a,Liverpool,5.4,MID,https://fantasy.premierleague.com/dist/img/shirts/standard/shirt_14-66.webp
Harry Toffolo,27.280000000000005,114241.jpg,11,8576,a,Nottingham Forest,4.5,DEF,https://fantasy.premierleague.com/dist/img/shirts/standard/shirt_17-66.webp
Conor Coady,26.32,94147.jpg,14,36502,a,Everton,4.9,DEF,https://fantasy.premierleague.com/dist/img/shirts/standard/shirt_11-66.webp
Harrison Reed,26.28,153366.jpg,9,109244,a,Fulham,4.5,MID,https://fantasy.premierleague.com/dist/img/shirts/standard/shirt_54-66.webp
Benjamin White,26.04,198869.jpg,14,120248,a,Arsenal,4.5,DEF,https://fantasy.premierleague.com/dist/img/shirts/standard/shirt_3-66.webp
Max Kilman,25.92,214048.jpg,12,32696,a,Wolves,4.5,DEF,https://fantasy.premierleague.com/dist/img/shirts/standard/shirt_39-66.webp
Jefferson Lerma Solís,25.759999999999998,152551.jpg,14,97175,a,Bournemouth,5.0,MID,https://fantasy.premierleague.com/dist/img/shirts/standard/shirt_91-66.webp
Jarrod Bowen,25.740000000000002,178186.jpg,9,81407,a,Westham,8.2,MID,https://fantasy.premierleague.com/dist/img/shirts/standard/shirt_21-66.webp
Leon Bailey,25.740000000000002,215711.jpg,9,179818,a,Aston Villa,4.7,MID,https://fantasy.premierleague.com/dist/img/shirts/standard/shirt_7-66.webp
Armel Bella-Kotchap,25.2,477386.jpg,10,6447,a,Southampton,4.5,DEF,https://fantasy.premierleague.com/dist/img/shirts/standard/shirt_20-66.webp
Jeffrey Schlupp,25.2,86417.jpg,10,5661,a,Crystal Palace,4.9,MID,https://fantasy.premierleague.com/dist/img/shirts/standard/shirt_31-66.webp
Nathan Aké,25.2,126184.jpg,14,159640,i,Man city,5.0,DEF,https://fantasy.premierleague.com/dist/img/shirts/standard/shirt_43-66.webp
Anthony Elanga,25.2,449434.jpg,9,49087,a,Man United,4.9,MID,https://fantasy.premierleague.com/dist/img/shirts/standard/shirt_1-66.webp
Odsonne Edouard,24.840000000000003,199670.jpg,9,97291,a,Crystal Palace,5.4,FOW,https://fantasy.premierleague.com/dist/img/shirts/standard/shirt_31-66.webp
Ryan Sessegnon,24.6,184349.jpg,10,186311,a,Tottenham,4.5,DEF,https://fantasy.premierleague.com/dist/img/shirts/standard/shirt_6-66.webp
Marcus Tavernier,24.48,201658.jpg,9,6240,a,Bournemouth,4.9,MID,https://fantasy.premierleague.com/dist/img/shirts/standard/shirt_91-66.webp
Kyle Walker,24.359999999999996,58621.jpg,14,727238,a,Man city,5.1,DEF,https://fantasy.premierleague.com/dist/img/shirts/standard/shirt_43-66.webp
Amadou Onana,23.760000000000005,449871.jpg,9,26882,a,Everton,4.9,MID,https://fantasy.premierleague.com/dist/img/shirts/standard/shirt_11-66.webp
Tyrick Mitchell,23.1,244723.jpg,11,18353,a,Crystal Palace,4.5,DEF,https://fantasy.premierleague.com/dist/img/shirts/standard/shirt_31-66.webp
Harvey Barnes,22.32,201666.jpg,9,16493,a,Leicester,6.9,MID,https://fantasy.premierleague.com/dist/img/shirts/standard/shirt_13-66.webp
Tim Ream,22.220000000000002,82514.jpg,11,5292,a,Fulham,4.5,DEF,https://fantasy.premierleague.com/dist/img/shirts/standard/shirt_54-66.webp
Luis Sinisterra Lucumí,21.580000000000002,224995.jpg,13,8748,a,Leeds,6.5,MID,https://fantasy.premierleague.com/dist/img/shirts/standard/shirt_2-66.webp
César Azpilicueta,21.12,41328.jpg,11,81411,a,Chelsea,5.0,DEF,https://fantasy.premierleague.com/dist/img/shirts/standard/shirt_8-66.webp
Tosin Adarabioyo,20.460000000000004,109646.jpg,11,2806,a,Fulham,4.5,DEF,https://fantasy.premierleague.com/dist/img/shirts/standard/shirt_54-66.webp
Saïd Benrahma,20.16,172841.jpg,6,64877,a,Westham,5.8,MID,https://fantasy.premierleague.com/dist/img/shirts/standard/shirt_21-66.webp
Adam Lallana,20.16,39155.jpg,8,15083,i,Brighton,5.0,MID,https://fantasy.premierleague.com/dist/img/shirts/standard/shirt_36-66.webp
Mohamed Elyounoussi,20.02,96787.jpg,7,906,a,Southampton,5.4,MID,https://fantasy.premierleague.com/dist/img/shirts/standard/shirt_20-66.webp
Hwang Hee-chan,19.52,184754.jpg,8,22216,a,Wolves,5.8,MID,https://fantasy.premierleague.com/dist/img/shirts/standard/shirt_39-66.webp
Hugo Lloris,19.44,37915.jpg,18,121383,a,Tottenham,5.5,GK,https://fantasy.premierleague.com/dist/img/shirts/standard/shirt_6-66.webp
Aaron Hickey,19.259999999999998,472713.jpg,9,21035,a,Brentford,5.0,DEF,https://fantasy.premierleague.com/dist/img/shirts/standard/shirt_94-66.webp
Nathan Collins,18.96,432830.jpg,12,26840,a,Wolves,4.5,DEF,https://fantasy.premierleague.com/dist/img/shirts/standard/shirt_39-66.webp
John McGinn,18.759999999999998,122806.jpg,7,18969,a,Aston Villa,5.3,MID,https://fantasy.premierleague.com/dist/img/shirts/standard/shirt_7-66.webp
Keane Lewis-Potter,18.56,249231.jpg,8,1513,a,Brentford,5.3,MID,https://fantasy.premierleague.com/dist/img/shirts/standard/shirt_94-66.webp
Lukasz Fabianski,18.2,37096.jpg,13,16980,a,Westham,5.0,GK,https://fantasy.premierleague.com/dist/img/shirts/standard/shirt_21-66.webp
Thomas Partey,17.919999999999998,167199.jpg,8,25298,d,Arsenal,4.9,MID,https://fantasy.premierleague.com/dist/img/shirts/standard/shirt_3-66.webp
Morgan Gibbs-White,17.779999999999998,222531.jpg,7,11216,a,Nottingham Forest,5.5,MID,https://fantasy.premierleague.com/dist/img/shirts/standard/shirt_17-66.webp
Philippe Coutinho Correia,17.639999999999997,84583.jpg,6,82284,d,Aston Villa,6.8,MID,https://fantasy.premierleague.com/dist/img/shirts/standard/shirt_7-66.webp
Jordan Henderson,17.5,56979.jpg,7,32470,a,Liverpool,5.4,MID,https://fantasy.premierleague.com/dist/img/shirts/standard/shirt_14-66.webp
Lisandro Martínez,17.5,221820.jpg,7,196385,a,Man United,4.4,DEF,https://fantasy.premierleague.com/dist/img/shirts/standard/shirt_1-66.webp
Aaron Ramsdale,17.4,225321.jpg,15,323909,a,Arsenal,5.0,GK,https://fantasy.premierleague.com/dist/img/shirts/standard/shirt_3-66.webp
Tyrell Malacia,17.28,222690.jpg,12,161231,a,Man United,4.4,DEF,https://fantasy.premierleague.com/dist/img/shirts/standard/shirt_1-66.webp
Jean-Philippe Mateta,17.08,231747.jpg,7,28044,a,Crystal Palace,5.4,FOW,https://fantasy.premierleague.com/dist/img/shirts/standard/shirt_31-66.webp
Mark Travers,16.64,229600.jpg,8,20479,a,Bournemouth,4.5,GK,https://fantasy.premierleague.com/dist/img/shirts/standard/shirt_91-66.webp
Bruno Guimarães Rodriguez Moura,16.52,208706.jpg,7,105796,d,Newcastle,5.7,MID,https://fantasy.premierleague.com/dist/img/shirts/standard/shirt_4-66.webp
Romain Perraud,16.38,244560.jpg,9,844,a,Southampton,4.5,DEF,https://fantasy.premierleague.com/dist/img/shirts/standard/shirt_20-66.webp
Riyad Mahrez,16.32,103025.jpg,6,61615,a,Man city,7.7,MID,https://fantasy.premierleague.com/dist/img/shirts/standard/shirt_43-66.webp
Davinson Sánchez,16.12,173904.jpg,13,44838,a,Tottenham,4.4,DEF,https://fantasy.premierleague.com/dist/img/shirts/standard/shirt_6-66.webp
Rayan Aït-Nouri,16.08,448514.jpg,6,45091,a,Wolves,4.4,DEF,https://fantasy.premierleague.com/dist/img/shirts/standard/shirt_39-66.webp
Ryan Yates,16.08,204968.jpg,6,609,a,Nottingham Forest,5.0,MID,https://fantasy.premierleague.com/dist/img/shirts/standard/shirt_17-66.webp
James Justin,15.96,220627.jpg,6,17588,a,Leicester,4.4,DEF,https://fantasy.premierleague.com/dist/img/shirts/standard/shirt_13-66.webp
Rodrigo Bentancur,15.840000000000002,202993.jpg,9,17156,a,Tottenham,5.4,MID,https://fantasy.premierleague.com/dist/img/shirts/standard/shirt_6-66.webp
Scott McKenna,15.840000000000002,168281.jpg,8,2342,a,Nottingham Forest,4.5,DEF,https://fantasy.premierleague.com/dist/img/shirts/standard/shirt_17-66.webp
Vicente Guaita,15.840000000000002,40836.jpg,8,27416,a,Crystal Palace,4.5,GK,https://fantasy.premierleague.com/dist/img/shirts/standard/shirt_31-66.webp
Fabio Henrique Tavares,15.54,116643.jpg,7,43500,a,Liverpool,5.4,MID,https://fantasy.premierleague.com/dist/img/shirts/standard/shirt_14-66.webp
Leander Dendoncker,15.26,151589.jpg,7,4880,a,Wolves,4.9,MID,https://fantasy.premierleague.com/dist/img/shirts/standard/shirt_39-66.webp
Vladimir Coufal,15.2,164555.jpg,10,30929,a,Westham,4.4,DEF,https://fantasy.premierleague.com/dist/img/shirts/standard/shirt_21-66.webp
Konstantinos Tsimikas,14.4,214285.jpg,8,5340,a,Liverpool,4.5,DEF,https://fantasy.premierleague.com/dist/img/shirts/standard/shirt_14-66.webp
Ederson Santana de Moraes,14.399999999999999,121160.jpg,15,478857,a,Man city,5.5,GK,https://fantasy.premierleague.com/dist/img/shirts/standard/shirt_43-66.webp
Bernd Leno,14.279999999999998,80201.jpg,7,23221,a,Fulham,4.5,GK,https://fantasy.premierleague.com/dist/img/shirts/standard/shirt_54-66.webp
Sven Botman,14.080000000000002,220237.jpg,11,40589,a,Newcastle,4.5,DEF,https://fantasy.premierleague.com/dist/img/shirts/standard/shirt_4-66.webp
Joe Worrall,14.080000000000002,208912.jpg,8,3014,a,Nottingham Forest,4.4,DEF,https://fantasy.premierleague.com/dist/img/shirts/standard/shirt_17-66.webp
Boubacar Kamara,13.579999999999998,226944.jpg,7,7989,a,Aston Villa,4.9,MID,https://fantasy.premierleague.com/dist/img/shirts/standard/shirt_7-66.webp
Alisson Ramses Becker,13.0,116535.jpg,10,176972,a,Liverpool,5.5,GK,https://fantasy.premierleague.com/dist/img/shirts/standard/shirt_14-66.webp
Mathias Jorgensen,13.0,48760.jpg,4,26049,a,Brentford,4.0,DEF,https://fantasy.premierleague.com/dist/img/shirts/standard/shirt_94-66.webp
Matt Targett,12.96,169359.jpg,9,26236,a,Newcastle,4.9,DEF,https://fantasy.premierleague.com/dist/img/shirts/standard/shirt_4-66.webp
Matty Cash,12.5,199796.jpg,5,75518,a,Aston Villa,4.8,DEF,https://fantasy.premierleague.com/dist/img/shirts/standard/shirt_7-66.webp
Jacob Ramsey,12.5,232653.jpg,5,16701,a,Aston Villa,5.2,MID,https://fantasy.premierleague.com/dist/img/shirts/standard/shirt_7-66.webp
Lewis O'Brien,12.459999999999999,243345.jpg,7,2394,a,Nottingham Forest,5.0,MID,https://fantasy.premierleague.com/dist/img/shirts/standard/shirt_17-66.webp
Lucas Digne,12.42,101188.jpg,3,54709,a,Aston Villa,4.8,DEF,https://fantasy.premierleague.com/dist/img/shirts/standard/shirt_7-66.webp
Patrick Bamford,11.76,106617.jpg,7,25367,a,Leeds,7.3,FOW,https://fantasy.premierleague.com/dist/img/shirts/standard/shirt_2-66.webp
Cristiano Ronaldo dos Santos Aveiro,11.5,14937.jpg,5,77371,a,Man United,10.3,FOW,https://fantasy.premierleague.com/dist/img/shirts/standard/shirt_1-66.webp
Matheus Luiz Nunes,11.05,465351.jpg,4,24654,a,Wolves,5.0,MID,https://fantasy.premierleague.com/dist/img/shirts/standard/shirt_39-66.webp
N'Golo Kanté,10.8,116594.jpg,5,79475,i,Chelsea,4.9,MID,https://fantasy.premierleague.com/dist/img/shirts/standard/shirt_8-66.webp
Eddie Nketiah,10.8,205533.jpg,4,9942,a,Arsenal,6.7,FOW,https://fantasy.premierleague.com/dist/img/shirts/standard/shirt_3-66.webp
Michail Antonio,10.44,57531.jpg,6,70331,a,Westham,7.2,FOW,https://fantasy.premierleague.com/dist/img/shirts/standard/shirt_21-66.webp
Marc Guéhi,10.4,209036.jpg,4,11478,a,Crystal Palace,4.4,DEF,https://fantasy.premierleague.com/dist/img/shirts/standard/shirt_31-66.webp
Kelechi Iheanacho,10.319999999999999,173515.jpg,6,18098,a,Leicester,6.3,FOW,https://fantasy.premierleague.com/dist/img/shirts/standard/shirt_13-66.webp
Mateusz Klich,10.2,72222.jpg,5,2229,a,Leeds,4.8,MID,https://fantasy.premierleague.com/dist/img/shirts/standard/shirt_2-66.webp
Scott McTominay,10.1,195851.jpg,5,8788,a,Man United,4.9,MID,https://fantasy.premierleague.com/dist/img/shirts/standard/shirt_1-66.webp
Raphaël Varane,9.920000000000002,90152.jpg,8,106717,a,Man United,4.8,DEF,https://fantasy.premierleague.com/dist/img/shirts/standard/shirt_1-66.webp
Moussa Niakhaté,9.66,199170.jpg,7,1791,i,Nottingham Forest,4.4,DEF,https://fantasy.premierleague.com/dist/img/shirts/standard/shirt_17-66.webp
Daniel Amartey,9.440000000000001,155569.jpg,4,6923,a,Leicester,4.5,DEF,https://fantasy.premierleague.com/dist/img/shirts/standard/shirt_13-66.webp
Jay Stansfield,9.379999999999999,490146.jpg,7,262430,a,Fulham,4.5,FOW,https://fantasy.premierleague.com/dist/img/shirts/standard/shirt_54-66.webp
Ayoze Pérez,9.239999999999998,168580.jpg,7,5392,a,Leicester,4.9,MID,https://fantasy.premierleague.com/dist/img/shirts/standard/shirt_13-66.webp
Stuart Armstrong,9.0,91047.jpg,5,3543,a,Southampton,4.9,MID,https://fantasy.premierleague.com/dist/img/shirts/standard/shirt_20-66.webp
Pontus Jansson,8.959999999999999,61810.jpg,8,28337,d,Brentford,4.4,DEF,https://fantasy.premierleague.com/dist/img/shirts/standard/shirt_94-66.webp
Richarlison de Andrade,8.88,212319.jpg,6,51170,a,Tottenham,8.5,FOW,https://fantasy.premierleague.com/dist/img/shirts/standard/shirt_6-66.webp
Joseph Gomez,8.64,171287.jpg,8,40405,a,Liverpool,4.5,DEF,https://fantasy.premierleague.com/dist/img/shirts/standard/shirt_14-66.webp
Sékou Mara,8.64,476888.jpg,6,8003,a,Southampton,5.5,FOW,https://fantasy.premierleague.com/dist/img/shirts/standard/shirt_20-66.webp
Mohammed Salisu,8.1,450527.jpg,3,3860,a,Southampton,4.4,DEF,https://fantasy.premierleague.com/dist/img/shirts/standard/shirt_20-66.webp
Wilfred Ndidi,7.9799999999999995,203341.jpg,7,14736,a,Leicester,4.9,MID,https://fantasy.premierleague.com/dist/img/shirts/standard/shirt_13-66.webp
Michael Olise,7.919999999999999,443661.jpg,6,4565,a,Crystal Palace,5.5,MID,https://fantasy.premierleague.com/dist/img/shirts/standard/shirt_31-66.webp
Daniel James,7.8,200617.jpg,6,6291,a,Leeds,6.0,MID,https://fantasy.premierleague.com/dist/img/shirts/standard/shirt_2-66.webp
Nathaniel Clyne,7.8,57328.jpg,5,7647,a,Crystal Palace,4.5,DEF,https://fantasy.premierleague.com/dist/img/shirts/standard/shirt_31-66.webp
Ben Chilwell,7.68,172850.jpg,12,100450,a,Chelsea,5.8,DEF,https://fantasy.premierleague.com/dist/img/shirts/standard/shirt_8-66.webp
Philip Billing,7.4399999999999995,168991.jpg,6,1576,a,Bournemouth,5.3,MID,https://fantasy.premierleague.com/dist/img/shirts/standard/shirt_91-66.webp
Shandon Baptiste,7.08,432160.jpg,6,14925,a,Brentford,4.5,MID,https://fantasy.premierleague.com/dist/img/shirts/standard/shirt_94-66.webp
Jordan Zemura,7.040000000000001,447932.jpg,4,6590,a,Bournemouth,4.4,DEF,https://fantasy.premierleague.com/dist/img/shirts/standard/shirt_91-66.webp
Enock Mwepu,6.96,423649.jpg,6,2645,a,Brighton,5.3,MID,https://fantasy.premierleague.com/dist/img/shirts/standard/shirt_36-66.webp
Jack Grealish,6.800000000000001,114283.jpg,4,83427,d,Man city,6.8,MID,https://fantasy.premierleague.com/dist/img/shirts/standard/shirt_43-66.webp
Gianluca Scamacca,6.3,195899.jpg,5,29901,a,Westham,6.8,FOW,https://fantasy.premierleague.com/dist/img/shirts/standard/shirt_21-66.webp
Joel Ward,6.3,55494.jpg,5,5265,a,Crystal Palace,4.5,DEF,https://fantasy.premierleague.com/dist/img/shirts/standard/shirt_31-66.webp
Ezri Konsa Ngoyo,6.2,199798.jpg,5,6967,a,Aston Villa,4.4,DEF,https://fantasy.premierleague.com/dist/img/shirts/standard/shirt_7-66.webp
Ben Johnson,6.2,222018.jpg,5,2879,d,Westham,4.5,DEF,https://fantasy.premierleague.com/dist/img/shirts/standard/shirt_21-66.webp
Kevin Mbabu,6.0,120721.jpg,5,4928,a,Fulham,4.5,DEF,https://fantasy.premierleague.com/dist/img/shirts/standard/shirt_54-66.webp
Chris Wood,5.9,60689.jpg,5,21912,a,Newcastle,5.8,FOW,https://fantasy.premierleague.com/dist/img/shirts/standard/shirt_4-66.webp
Sean Longstaff,5.9,180135.jpg,5,33526,a,Newcastle,4.4,MID,https://fantasy.premierleague.com/dist/img/shirts/standard/shirt_4-66.webp
João Filipe Iria Santos Moutinho,5.88,19624.jpg,3,6286,a,Wolves,4.9,MID,https://fantasy.premierleague.com/dist/img/shirts/standard/shirt_39-66.webp
Chris Mepham,5.28,223911.jpg,3,3899,a,Bournemouth,4.4,DEF,https://fantasy.premierleague.com/dist/img/shirts/standard/shirt_91-66.webp
John Stones,4.88,97299.jpg,4,30644,a,Man city,5.4,DEF,https://fantasy.premierleague.com/dist/img/shirts/standard/shirt_43-66.webp
Orel Mangala,4.8,179519.jpg,5,1435,i,Nottingham Forest,5.0,MID,https://fantasy.premierleague.com/dist/img/shirts/standard/shirt_17-66.webp
Steve Cook,4.720000000000001,56917.jpg,4,1991,a,Nottingham Forest,4.5,DEF,https://fantasy.premierleague.com/dist/img/shirts/standard/shirt_17-66.webp
Nélson Cabral Semedo,4.68,200402.jpg,3,14653,a,Wolves,5.0,DEF,https://fantasy.premierleague.com/dist/img/shirts/standard/shirt_39-66.webp
Hakim Ziyech,4.56,124183.jpg,3,10905,a,Chelsea,5.7,MID,https://fantasy.premierleague.com/dist/img/shirts/standard/shirt_8-66.webp
Danny Ward,4.4,95463.jpg,4,543011,a,Leicester,4.0,GK,https://fantasy.premierleague.com/dist/img/shirts/standard/shirt_13-66.webp
Adam Smith,4.36,54469.jpg,2,2993,a,Bournemouth,4.4,DEF,https://fantasy.premierleague.com/dist/img/shirts/standard/shirt_91-66.webp
Anthony Martial,4.32,148225.jpg,4,45439,d,Man United,6.9,FOW,https://fantasy.premierleague.com/dist/img/shirts/standard/shirt_1-66.webp
Will Hughes,4.32,108413.jpg,4,562,a,Crystal Palace,4.9,MID,https://fantasy.premierleague.com/dist/img/shirts/standard/shirt_31-66.webp
Kieran Tierney,4.3,192895.jpg,5,21202,a,Arsenal,4.9,DEF,https://fantasy.premierleague.com/dist/img/shirts/standard/shirt_3-66.webp
Thilo Kehrer,4.2,201057.jpg,6,3356,a,Westham,4.5,DEF,https://fantasy.premierleague.com/dist/img/shirts/standard/shirt_21-66.webp
Kaoru Mitoma,4.0,451340.jpg,4,2829,a,Brighton,5.0,MID,https://fantasy.premierleague.com/dist/img/shirts/standard/shirt_36-66.webp
Douglas Luiz Soares de Paulo,3.9200000000000004,230046.jpg,4,6700,a,Aston Villa,4.8,MID,https://fantasy.premierleague.com/dist/img/shirts/standard/shirt_7-66.webp
Jonny Evans,3.9,37642.jpg,3,5880,a,Leicester,4.4,DEF,https://fantasy.premierleague.com/dist/img/shirts/standard/shirt_13-66.webp
Salomón Rondón,3.84,57134.jpg,3,50556,a,Everton,5.0,FOW,https://fantasy.premierleague.com/dist/img/shirts/standard/shirt_11-66.webp
Tom Davies,3.78,173807.jpg,3,1351,a,Everton,4.9,MID,https://fantasy.premierleague.com/dist/img/shirts/standard/shirt_11-66.webp
Lewis Cook,3.7199999999999998,155408.jpg,6,1332,a,Bournemouth,4.9,MID,https://fantasy.premierleague.com/dist/img/shirts/standard/shirt_91-66.webp
Ryan Christie,3.7,158499.jpg,5,750,a,Bournemouth,5.4,MID,https://fantasy.premierleague.com/dist/img/shirts/standard/shirt_91-66.webp
Cristian Romero,3.54,221632.jpg,3,31794,d,Tottenham,4.9,DEF,https://fantasy.premierleague.com/dist/img/shirts/standard/shirt_6-66.webp
Diego Carlos Santos Silva,3.48,165659.jpg,3,5496,i,Aston Villa,4.8,DEF,https://fantasy.premierleague.com/dist/img/shirts/standard/shirt_7-66.webp
Joe Gelhardt,3.3600000000000003,462635.jpg,4,8642,a,Leeds,5.4,FOW,https://fantasy.premierleague.com/dist/img/shirts/standard/shirt_2-66.webp
Raúl Jiménez,3.24,102057.jpg,3,49362,a,Wolves,6.9,FOW,https://fantasy.premierleague.com/dist/img/shirts/standard/shirt_39-66.webp
Armando Broja,3.12,440323.jpg,3,15960,a,Chelsea,5.4,FOW,https://fantasy.premierleague.com/dist/img/shirts/standard/shirt_8-66.webp
Dominic Solanke,3.0599999999999996,154566.jpg,3,10099,a,Bournemouth,5.8,FOW,https://fantasy.premierleague.com/dist/img/shirts/standard/shirt_91-66.webp
Ben Pearson,2.88,156687.jpg,6,49957,d,Bournemouth,4.5,MID,https://fantasy.premierleague.com/dist/img/shirts/standard/shirt_91-66.webp
Conor Gallagher,2.8000000000000003,232787.jpg,2,9432,a,Chelsea,5.7,MID,https://fantasy.premierleague.com/dist/img/shirts/standard/shirt_8-66.webp
Yves Bissouma,2.76,227127.jpg,3,16784,a,Tottenham,4.9,MID,https://fantasy.premierleague.com/dist/img/shirts/standard/shirt_6-66.webp
Tariq Lamptey,2.72,232792.jpg,4,28328,a,Brighton,4.4,DEF,https://fantasy.premierleague.com/dist/img/shirts/standard/shirt_36-66.webp
Tom Cairney,2.7,76357.jpg,5,1216,a,Fulham,4.8,MID,https://fantasy.premierleague.com/dist/img/shirts/standard/shirt_54-66.webp
Marek Rodák,2.6599999999999997,155529.jpg,7,9029,a,Fulham,4.5,GK,https://fantasy.premierleague.com/dist/img/shirts/standard/shirt_54-66.webp
Abdoulaye Doucouré,2.52,121599.jpg,3,4130,i,Everton,5.3,MID,https://fantasy.premierleague.com/dist/img/shirts/standard/shirt_11-66.webp
Mads Roerslev Rasmussen,2.52,226956.jpg,6,997,a,Brentford,4.4,DEF,https://fantasy.premierleague.com/dist/img/shirts/standard/shirt_94-66.webp
Emile Smith Rowe,2.16,209289.jpg,2,14991,a,Arsenal,5.7,MID,https://fantasy.premierleague.com/dist/img/shirts/standard/shirt_3-66.webp
Ryan Fraser,2.12,90105.jpg,2,1540,a,Newcastle,5.3,MID,https://fantasy.premierleague.com/dist/img/shirts/standard/shirt_4-66.webp
Ibrahima Diallo,2.1,240143.jpg,3,14610,a,Southampton,4.4,MID,https://fantasy.premierleague.com/dist/img/shirts/standard/shirt_20-66.webp
Tyrone Mings,1.92,149484.jpg,3,42119,d,Aston Villa,4.3,DEF,https://fantasy.premierleague.com/dist/img/shirts/standard/shirt_7-66.webp
Calum Chambers,1.8599999999999999,101184.jpg,3,4004,a,Aston Villa,4.4,DEF,https://fantasy.premierleague.com/dist/img/shirts/standard/shirt_7-66.webp
Mateo Kovacic,1.6,91651.jpg,2,10508,a,Chelsea,4.9,MID,https://fantasy.premierleague.com/dist/img/shirts/standard/shirt_8-66.webp
Frederico Rodrigues de Paula Santos,1.44,101582.jpg,3,13502,a,Man United,5.3,MID,https://fantasy.premierleague.com/dist/img/shirts/standard/shirt_1-66.webp
Nathaniel Phillips,1.36,197464.jpg,2,33786,a,Liverpool,4.0,DEF,https://fantasy.premierleague.com/dist/img/shirts/standard/shirt_14-66.webp
Chris Richards,1.36,427623.jpg,2,802,a,Crystal Palace,4.5,DEF,https://fantasy.premierleague.com/dist/img/shirts/standard/shirt_31-66.webp
Jan Bednarek,1.36,171771.jpg,1,2830,a,Southampton,4.4,DEF,https://fantasy.premierleague.com/dist/img/shirts/standard/shirt_20-66.webp
Patson Daka,1.32,245419.jpg,2,21979,a,Leicester,5.8,FOW,https://fantasy.premierleague.com/dist/img/shirts/standard/shirt_13-66.webp
Manuel Lanzini,1.26,86934.jpg,3,8740,a,Westham,5.3,MID,https://fantasy.premierleague.com/dist/img/shirts/standard/shirt_21-66.webp
Jaidon Anthony,1.26,444180.jpg,3,1341,a,Bournemouth,5.3,MID,https://fantasy.premierleague.com/dist/img/shirts/standard/shirt_91-66.webp
Mikkel Damsgaard,1.2,440089.jpg,2,17221,a,Brentford,5.4,MID,https://fantasy.premierleague.com/dist/img/shirts/standard/shirt_94-66.webp
Adam Forshaw,1.2,80179.jpg,3,2834,a,Leeds,4.5,MID,https://fantasy.premierleague.com/dist/img/shirts/standard/shirt_2-66.webp
Christian Pulisic,1.1199999999999999,176413.jpg,4,13190,a,Chelsea,5.8,MID,https://fantasy.premierleague.com/dist/img/shirts/standard/shirt_8-66.webp
Julián Álvarez,1.08,461358.jpg,3,51570,a,Man city,6.2,FOW,https://fantasy.premierleague.com/dist/img/shirts/standard/shirt_43-66.webp
Sam Greenwood,1.04,248937.jpg,2,318469,a,Leeds,4.5,FOW,https://fantasy.premierleague.com/dist/img/shirts/standard/shirt_2-66.webp
Sam Surridge,0.96,217331.jpg,3,53129,a,Nottingham Forest,4.9,FOW,https://fantasy.premierleague.com/dist/img/shirts/standard/shirt_17-66.webp
Nathaniel Chalobah,0.8800000000000001,89085.jpg,2,5783,a,Fulham,4.5,MID,https://fantasy.premierleague.com/dist/img/shirts/standard/shirt_54-66.webp
Halil Dervişoğlu,0.8,434662.jpg,4,267677,a,Brentford,4.5,FOW,https://fantasy.premierleague.com/dist/img/shirts/standard/shirt_94-66.webp
Frank Onyeka,0.8,428580.jpg,2,1166,a,Brentford,4.9,MID,https://fantasy.premierleague.com/dist/img/shirts/standard/shirt_94-66.webp
Elliot Anderson,0.68,215379.jpg,1,9739,a,Newcastle,4.5,MID,https://fantasy.premierleague.com/dist/img/shirts/standard/shirt_4-66.webp
Lyanco Silveira Neves Vojnovic,0.66,212721.jpg,3,257,a,Southampton,4.5,DEF,https://fantasy.premierleague.com/dist/img/shirts/standard/shirt_20-66.webp
Joel Matip,0.6400000000000001,60914.jpg,1,12541,d,Liverpool,5.9,DEF,https://fantasy.premierleague.com/dist/img/shirts/standard/shirt_14-66.webp
Trevoh Chalobah,0.6400000000000001,180736.jpg,2,6067,d,Chelsea,4.8,DEF,https://fantasy.premierleague.com/dist/img/shirts/standard/shirt_8-66.webp
Jack Colback,0.6400000000000001,58771.jpg,2,25457,a,Nottingham Forest,4.4,MID,https://fantasy.premierleague.com/dist/img/shirts/standard/shirt_17-66.webp
Luka Milivojevic,0.5599999999999999,66975.jpg,4,18464,a,Crystal Palace,4.5,MID,https://fantasy.premierleague.com/dist/img/shirts/standard/shirt_31-66.webp
Oriol Romeu Vidal,0.48,78056.jpg,2,822,a,Southampton,4.8,MID,https://fantasy.premierleague.com/dist/img/shirts/standard/shirt_20-66.webp
Thiago Alcántara do Nascimento,0.45999999999999996,61558.jpg,1,8891,i,Liverpool,5.3,MID,https://fantasy.premierleague.com/dist/img/shirts/standard/shirt_14-66.webp
Carlos Henrique Casimiro,0.45,61256.jpg,1,147228,a,Man United,5.0,MID,https://fantasy.premierleague.com/dist/img/shirts/standard/shirt_1-66.webp
Adama Traoré Diarra,0.44000000000000006,159533.jpg,2,8389,a,Wolves,5.5,MID,https://fantasy.premierleague.com/dist/img/shirts/standard/shirt_39-66.webp
Emmanuel Dennis,0.42,230251.jpg,1,23279,a,Nottingham Forest,6.0,FOW,https://fantasy.premierleague.com/dist/img/shirts/standard/shirt_17-66.webp
Djed Spence,0.36000000000000004,232859.jpg,1,3980,a,Tottenham,4.3,DEF,https://fantasy.premierleague.com/dist/img/shirts/standard/shirt_6-66.webp
Rúben Nascimento Vinagre,0.36000000000000004,216054.jpg,2,581,a,Everton,4.4,DEF,https://fantasy.premierleague.com/dist/img/shirts/standard/shirt_11-66.webp
Dele Alli,0.36000000000000004,108823.jpg,2,7054,u,Everton,5.3,MID,https://fantasy.premierleague.com/dist/img/shirts/standard/shirt_11-66.webp
Jack Stephens,0.34,88900.jpg,1,424,a,Southampton,4.4,DEF,https://fantasy.premierleague.com/dist/img/shirts/standard/shirt_20-66.webp
Jacob Murphy,0.32000000000000006,114243.jpg,4,97792,a,Newcastle,4.4,MID,https://fantasy.premierleague.com/dist/img/shirts/standard/shirt_4-66.webp
Mohamed Elneny,0.32000000000000006,153256.jpg,2,89530,d,Arsenal,4.4,MID,https://fantasy.premierleague.com/dist/img/shirts/standard/shirt_3-66.webp
Yerry Mina,0.24,164511.jpg,1,1037,i,Everton,4.4,DEF,https://fantasy.premierleague.com/dist/img/shirts/standard/shirt_11-66.webp
Cheikhou Kouyaté,0.21,55037.jpg,1,6733,a,Nottingham Forest,4.5,MID,https://fantasy.premierleague.com/dist/img/shirts/standard/shirt_17-66.webp
Cole Palmer,0.2,244851.jpg,2,3462,a,Man city,4.5,MID,https://fantasy.premierleague.com/dist/img/shirts/standard/shirt_43-66.webp
Levi Colwill,0.2,460028.jpg,2,2956,a,Brighton,4.5,DEF,https://fantasy.premierleague.com/dist/img/shirts/standard/shirt_36-66.webp
Maxwel Cornet,0.2,149519.jpg,2,11148,a,Westham,5.9,MID,https://fantasy.premierleague.com/dist/img/shirts/standard/shirt_21-66.webp
Dennis Praet,0.18000000000000002,106837.jpg,1,381,a,Leicester,4.9,MID,https://fantasy.premierleague.com/dist/img/shirts/standard/shirt_13-66.webp
Takehiro Tomiyasu,0.16000000000000003,223723.jpg,2,13131,a,Arsenal,4.3,DEF,https://fantasy.premierleague.com/dist/img/shirts/standard/shirt_3-66.webp
Lucas Rodrigues Moura da Silva,0.16000000000000003,95715.jpg,2,7035,i,Tottenham,5.8,MID,https://fantasy.premierleague.com/dist/img/shirts/standard/shirt_6-66.webp
Deniz Undav,0.16000000000000003,450434.jpg,2,10327,a,Brighton,5.3,FOW,https://fantasy.premierleague.com/dist/img/shirts/standard/shirt_36-66.webp
Michael Keane,0.13999999999999999,106611.jpg,1,3608,a,Everton,4.3,DEF,https://fantasy.premierleague.com/dist/img/shirts/standard/shirt_11-66.webp
Issa Diop,0.13999999999999999,219924.jpg,1,1926,a,Fulham,4.4,DEF,https://fantasy.premierleague.com/dist/img/shirts/standard/shirt_54-66.webp
Boubakary Soumaré,0.13999999999999999,225902.jpg,1,33211,a,Leicester,4.4,MID,https://fantasy.premierleague.com/dist/img/shirts/standard/shirt_13-66.webp
Mads Bech Sørensen,0.12,228044.jpg,3,1649,a,Brentford,4.5,DEF,https://fantasy.premierleague.com/dist/img/shirts/standard/shirt_94-66.webp
Donny van de Beek,0.12,180184.jpg,3,5706,a,Man United,5.2,MID,https://fantasy.premierleague.com/dist/img/shirts/standard/shirt_1-66.webp
Remo Freuler,0.12,89076.jpg,1,1130,a,Nottingham Forest,5.0,MID,https://fantasy.premierleague.com/dist/img/shirts/standard/shirt_17-66.webp
Cameron Archer,0.12,433979.jpg,2,113660,d,Aston Villa,4.5,FOW,https://fantasy.premierleague.com/dist/img/shirts/standard/shirt_7-66.webp
Stefan Bajcetic,0.1,535928.jpg,1,519,a,Liverpool,4.5,MID,https://fantasy.premierleague.com/dist/img/shirts/standard/shirt_14-66.webp
Matt Doherty,0.1,87835.jpg,1,6683,a,Tottenham,4.6,DEF,https://fantasy.premierleague.com/dist/img/shirts/standard/shirt_6-66.webp
Sergio Gómez,0.09,437468.jpg,1,3838,a,Man city,4.5,DEF,https://fantasy.premierleague.com/dist/img/shirts/standard/shirt_43-66.webp
Saman Ghoddos,0.08000000000000002,205836.jpg,2,702,a,Brentford,4.9,MID,https://fantasy.premierleague.com/dist/img/shirts/standard/shirt_94-66.webp
Emerson Palmieri dos Santos,0.08000000000000002,109533.jpg,1,55217,a,Westham,4.0,DEF,https://fantasy.premierleague.com/dist/img/shirts/standard/shirt_21-66.webp
Manor Solomon,0.06,235674.jpg,1,994,i,Fulham,5.0,MID,https://fantasy.premierleague.com/dist/img/shirts/standard/shirt_54-66.webp
Carlos Ribeiro Dias,0.06,166325.jpg,1,15554,a,Nottingham Forest,4.4,MID,https://fantasy.premierleague.com/dist/img/shirts/standard/shirt_17-66.webp
Clément Lenglet,0.06,171101.jpg,1,5173,a,Tottenham,4.9,DEF,https://fantasy.premierleague.com/dist/img/shirts/standard/shirt_6-66.webp
Aaron Wan-Bissaka,0.06,214590.jpg,1,5519,a,Man United,4.3,DEF,https://fantasy.premierleague.com/dist/img/shirts/standard/shirt_1-66.webp
Rico Lewis,0.04000000000000001,477064.jpg,1,6017,a,Man city,4.0,DEF,https://fantasy.premierleague.com/dist/img/shirts/standard/shirt_43-66.webp
Ben Godfrey,0.04000000000000001,198826.jpg,1,668,i,Everton,4.3,DEF,https://fantasy.premierleague.com/dist/img/shirts/standard/shirt_11-66.webp
Bobby Clark,0.04000000000000001,491970.jpg,1,338,a,Liverpool,4.5,MID,https://fantasy.premierleague.com/dist/img/shirts/standard/shirt_14-66.webp
Malcolm Ebiowei,0.04000000000000001,450535.jpg,1,5606,a,Crystal Palace,4.4,MID,https://fantasy.premierleague.com/dist/img/shirts/standard/shirt_31-66.webp
Emiliano Marcondes,0.020000000000000004,133845.jpg,1,298,a,Bournemouth,4.9,MID,https://fantasy.premierleague.com/dist/img/shirts/standard/shirt_91-66.webp
Kalvin Phillips,0.020000000000000004,155405.jpg,1,4947,d,Man city,4.9,MID,https://fantasy.premierleague.com/dist/img/shirts/standard/shirt_43-66.webp
Crysencio Summerville,0.020000000000000004,450070.jpg,1,7466,a,Leeds,4.4,MID,https://fantasy.premierleague.com/dist/img/shirts/standard/shirt_2-66.webp
Tyrese Francois,0.020000000000000004,432931.jpg,1,1046,a,Fulham,4.5,MID,https://fantasy.premierleague.com/dist/img/shirts/standard/shirt_54-66.webp
Bryan Gil Salvatierra,0.0,436234.jpg,0,691,i,Tottenham,5.0,MID,https://fantasy.premierleague.com/dist/img/shirts/standard/shirt_6-66.webp
Jeff Hendrick,0.0,83314.jpg,0,0,u,Newcastle,4.5,MID,https://fantasy.premierleague.com/dist/img/shirts/standard/shirt_4-66.webp
Lucas Tolentino Coelho de Lima,0.0,224024.jpg,0,17076,a,Westham,6.0,MID,https://fantasy.premierleague.com/dist/img/shirts/standard/shirt_21-66.webp
Conor Coventry,0.0,222017.jpg,1,4293,a,Westham,4.4,MID,https://fantasy.premierleague.com/dist/img/shirts/standard/shirt_21-66.webp
Harrison Ashby,0.0,441024.jpg,0,15515,a,Westham,4.0,DEF,https://fantasy.premierleague.com/dist/img/shirts/standard/shirt_21-66.webp
Jamaal Lascelles,0.0,101148.jpg,0,1244,a,Newcastle,4.4,DEF,https://fantasy.premierleague.com/dist/img/shirts/standard/shirt_4-66.webp
Dwight Gayle,0.0,104547.jpg,0,0,u,Newcastle,4.5,FOW,https://fantasy.premierleague.com/dist/img/shirts/standard/shirt_4-66.webp
Harvey White,0.0,448791.jpg,0,14970,a,Tottenham,4.4,MID,https://fantasy.premierleague.com/dist/img/shirts/standard/shirt_6-66.webp
Paul Dummett,0.0,106618.jpg,0,10581,a,Newcastle,4.0,DEF,https://fantasy.premierleague.com/dist/img/shirts/standard/shirt_4-66.webp
Pape Matar Sarr,0.0,482442.jpg,0,25802,a,Tottenham,4.4,MID,https://fantasy.premierleague.com/dist/img/shirts/standard/shirt_6-66.webp
Javier Manquillo Gaitán,0.0,109528.jpg,0,483,a,Newcastle,4.4,DEF,https://fantasy.premierleague.com/dist/img/shirts/standard/shirt_4-66.webp
Brandon Austin,0.0,214572.jpg,0,3872,a,Tottenham,4.0,GK,https://fantasy.premierleague.com/dist/img/shirts/standard/shirt_6-66.webp
Emil Krafth,0.0,111773.jpg,1,289,i,Newcastle,4.4,DEF,https://fantasy.premierleague.com/dist/img/shirts/standard/shirt_4-66.webp
Angelo Ogbonna,0.0,40669.jpg,0,594,a,Westham,4.5,DEF,https://fantasy.premierleague.com/dist/img/shirts/standard/shirt_21-66.webp
Alfie Devine,0.0,496179.jpg,0,2871,a,Tottenham,4.4,MID,https://fantasy.premierleague.com/dist/img/shirts/standard/shirt_6-66.webp
Troy Parrott,0.0,447235.jpg,0,0,u,Tottenham,4.5,FOW,https://fantasy.premierleague.com/dist/img/shirts/standard/shirt_6-66.webp
Flynn Downes,0.0,220585.jpg,1,8341,a,Westham,4.4,MID,https://fantasy.premierleague.com/dist/img/shirts/standard/shirt_21-66.webp
Alphonse Areola,0.0,84182.jpg,1,29060,a,Westham,4.4,GK,https://fantasy.premierleague.com/dist/img/shirts/standard/shirt_21-66.webp
Nayef Aguerd,0.0,210494.jpg,0,564,i,Westham,4.9,DEF,https://fantasy.premierleague.com/dist/img/shirts/standard/shirt_21-66.webp
Nikola Vlasic,0.0,180151.jpg,0,221,u,Westham,5.0,MID,https://fantasy.premierleague.com/dist/img/shirts/standard/shirt_21-66.webp
Arthur Masuaku,0.0,105717.jpg,0,0,u,Westham,4.5,DEF,https://fantasy.premierleague.com/dist/img/shirts/standard/shirt_21-66.webp
Craig Dawson,0.0,60232.jpg,0,1477,d,Westham,4.8,DEF,https://fantasy.premierleague.com/dist/img/shirts/standard/shirt_21-66.webp
Alexander Isak,0.0,219168.jpg,0,119711,a,Newcastle,7.0,FOW,https://fantasy.premierleague.com/dist/img/shirts/standard/shirt_4-66.webp
Jamal Lewis,0.0,194799.jpg,0,245,a,Newcastle,4.4,DEF,https://fantasy.premierleague.com/dist/img/shirts/standard/shirt_4-66.webp
Chem Campbell,0.0,461026.jpg,1,30101,a,Wolves,4.4,MID,https://fantasy.premierleague.com/dist/img/shirts/standard/shirt_39-66.webp
Francisco Jorge Tomás Oliveira,0.0,510363.jpg,0,171,i,Wolves,5.0,MID,https://fantasy.premierleague.com/dist/img/shirts/standard/shirt_39-66.webp
Hugo Bueno López,0.0,490721.jpg,0,33888,a,Wolves,4.0,DEF,https://fantasy.premierleague.com/dist/img/shirts/standard/shirt_39-66.webp
Dane Scarlett,0.0,490145.jpg,0,0,u,Tottenham,4.5,FOW,https://fantasy.premierleague.com/dist/img/shirts/standard/shirt_6-66.webp
Harry Arter,0.0,48615.jpg,0,9690,a,Nottingham Forest,4.4,MID,https://fantasy.premierleague.com/dist/img/shirts/standard/shirt_17-66.webp
Loïc Mbe Soh,0.0,242885.jpg,0,352,a,Nottingham Forest,4.4,DEF,https://fantasy.premierleague.com/dist/img/shirts/standard/shirt_17-66.webp
Mateusz Lis,0.0,200428.jpg,0,2590,a,Southampton,4.0,GK,https://fantasy.premierleague.com/dist/img/shirts/standard/shirt_20-66.webp
Tino Livramento,0.0,441191.jpg,0,314,i,Southampton,4.4,DEF,https://fantasy.premierleague.com/dist/img/shirts/standard/shirt_20-66.webp
Matija Šarkić,0.0,216208.jpg,0,14797,a,Wolves,4.0,GK,https://fantasy.premierleague.com/dist/img/shirts/standard/shirt_39-66.webp
Will Smallbone,0.0,214466.jpg,0,0,u,Southampton,4.5,MID,https://fantasy.premierleague.com/dist/img/shirts/standard/shirt_20-66.webp
Yan Valery,0.0,213482.jpg,0,19880,a,Southampton,4.0,DEF,https://fantasy.premierleague.com/dist/img/shirts/standard/shirt_20-66.webp
Darren Randolph,0.0,32259.jpg,0,6959,a,Westham,4.0,GK,https://fantasy.premierleague.com/dist/img/shirts/standard/shirt_21-66.webp
Nathan Tella,0.0,203389.jpg,0,13,u,Southampton,5.0,MID,https://fantasy.premierleague.com/dist/img/shirts/standard/shirt_20-66.webp
Alex Mighten,0.0,244930.jpg,1,414,u,Nottingham Forest,4.9,MID,https://fantasy.premierleague.com/dist/img/shirts/standard/shirt_17-66.webp
Braian Ojeda Rodríguez,0.0,437476.jpg,0,601,u,Nottingham Forest,4.5,MID,https://fantasy.premierleague.com/dist/img/shirts/standard/shirt_17-66.webp
Fabio Silva,0.0,449988.jpg,0,0,u,Wolves,5.5,FOW,https://fantasy.premierleague.com/dist/img/shirts/standard/shirt_39-66.webp
Nathan Redmond,0.0,83283.jpg,1,656,a,Southampton,5.3,MID,https://fantasy.premierleague.com/dist/img/shirts/standard/shirt_20-66.webp
Giulian Biancone,0.0,437753.jpg,0,776,a,Nottingham Forest,4.4,DEF,https://fantasy.premierleague.com/dist/img/shirts/standard/shirt_17-66.webp
Toti António Gomes,0.0,510362.jpg,0,20573,a,Wolves,4.0,DEF,https://fantasy.premierleague.com/dist/img/shirts/standard/shirt_39-66.webp
Alex McCarthy,0.0,58376.jpg,0,1205,a,Southampton,4.4,GK,https://fantasy.premierleague.com/dist/img/shirts/standard/shirt_20-66.webp
Theo Walcott,0.0,20467.jpg,0,811,a,Southampton,4.9,MID,https://fantasy.premierleague.com/dist/img/shirts/standard/shirt_20-66.webp
Renan Augusto Lodi dos Santos,0.0,233420.jpg,0,3617,a,Nottingham Forest,4.5,DEF,https://fantasy.premierleague.com/dist/img/shirts/standard/shirt_17-66.webp
Omar Richards,0.0,204822.jpg,0,112,i,Nottingham Forest,4.4,DEF,https://fantasy.premierleague.com/dist/img/shirts/standard/shirt_17-66.webp
Wayne Hennessey,0.0,20066.jpg,0,13830,a,Nottingham Forest,4.0,GK,https://fantasy.premierleague.com/dist/img/shirts/standard/shirt_17-66.webp
Richie Laryea,0.0,221403.jpg,0,26,u,Nottingham Forest,4.5,DEF,https://fantasy.premierleague.com/dist/img/shirts/standard/shirt_17-66.webp
Xande Nascimento da Costa Silva,0.0,209925.jpg,0,0,u,Nottingham Forest,5.0,MID,https://fantasy.premierleague.com/dist/img/shirts/standard/shirt_17-66.webp
Yerson Mosquera Valdelamar,0.0,501837.jpg,0,8725,a,Wolves,4.0,DEF,https://fantasy.premierleague.com/dist/img/shirts/standard/shirt_39-66.webp
Sergio Reguilón,0.0,199249.jpg,0,17585,u,Tottenham,4.2,DEF,https://fantasy.premierleague.com/dist/img/shirts/standard/shirt_6-66.webp
Willy Boly,0.0,90585.jpg,0,3204,a,Wolves,4.3,DEF,https://fantasy.premierleague.com/dist/img/shirts/standard/shirt_39-66.webp
Joe Rodon,0.0,214225.jpg,0,0,u,Tottenham,4.0,DEF,https://fantasy.premierleague.com/dist/img/shirts/standard/shirt_6-66.webp
Lyle Taylor,0.0,57647.jpg,0,190881,a,Nottingham Forest,4.4,FOW,https://fantasy.premierleague.com/dist/img/shirts/standard/shirt_17-66.webp
Oliver Skipp,0.0,209042.jpg,0,1500,d,Tottenham,4.4,MID,https://fantasy.premierleague.com/dist/img/shirts/standard/shirt_6-66.webp
Connor Ronan,0.0,198842.jpg,0,7573,a,Wolves,4.4,MID,https://fantasy.premierleague.com/dist/img/shirts/standard/shirt_39-66.webp
Joseph Hodge,0.0,240299.jpg,0,2706,a,Wolves,4.5,MID,https://fantasy.premierleague.com/dist/img/shirts/standard/shirt_39-66.webp
Brice Samba,0.0,102836.jpg,0,0,u,Nottingham Forest,4.5,GK,https://fantasy.premierleague.com/dist/img/shirts/standard/shirt_17-66.webp
Japhet Tanganga,0.0,199584.jpg,0,45085,a,Tottenham,3.9,DEF,https://fantasy.premierleague.com/dist/img/shirts/standard/shirt_6-66.webp
Oliver Hammond,0.0,475492.jpg,0,1286,a,Nottingham Forest,4.5,MID,https://fantasy.premierleague.com/dist/img/shirts/standard/shirt_17-66.webp
Willy Caballero,0.0,20310.jpg,0,7634,a,Southampton,4.0,GK,https://fantasy.premierleague.com/dist/img/shirts/standard/shirt_20-66.webp
Steven Bergwijn,0.0,194252.jpg,0,0,u,Tottenham,5.5,MID,https://fantasy.premierleague.com/dist/img/shirts/standard/shirt_6-66.webp
Harry Winks,0.0,157668.jpg,0,64152,u,Tottenham,4.4,MID,https://fantasy.premierleague.com/dist/img/shirts/standard/shirt_6-66.webp
Jackson Smith,0.0,246799.jpg,0,19962,a,Wolves,4.0,GK,https://fantasy.premierleague.com/dist/img/shirts/standard/shirt_39-66.webp
Joe Lolley,0.0,168172.jpg,0,313,u,Nottingham Forest,4.9,MID,https://fantasy.premierleague.com/dist/img/shirts/standard/shirt_17-66.webp
Fraser Forster,0.0,40383.jpg,0,23196,a,Tottenham,4.0,GK,https://fantasy.premierleague.com/dist/img/shirts/standard/shirt_6-66.webp
Mohamed Dräger,0.0,173399.jpg,0,0,u,Nottingham Forest,4.0,DEF,https://fantasy.premierleague.com/dist/img/shirts/standard/shirt_17-66.webp
Jonathan Panzo,0.0,209035.jpg,0,0,u,Nottingham Forest,4.0,DEF,https://fantasy.premierleague.com/dist/img/shirts/standard/shirt_17-66.webp
Luke Cundle,0.0,245923.jpg,0,19628,u,Wolves,4.4,MID,https://fantasy.premierleague.com/dist/img/shirts/standard/shirt_39-66.webp
Armstrong Oko-Flex,0.0,248865.jpg,0,6404,a,Westham,4.4,MID,https://fantasy.premierleague.com/dist/img/shirts/standard/shirt_21-66.webp
Cédric Alves Soares,0.0,58822.jpg,0,3285,a,Arsenal,4.3,DEF,https://fantasy.premierleague.com/dist/img/shirts/standard/shirt_3-66.webp
Martin Dubravka,0.0,67089.jpg,0,7407,a,Newcastle,4.4,GK,https://fantasy.premierleague.com/dist/img/shirts/standard/shirt_4-66.webp
Kjell Scherpen,0.0,240514.jpg,0,1447,u,Brighton,4.0,GK,https://fantasy.premierleague.com/dist/img/shirts/standard/shirt_36-66.webp
Timo Werner,0.0,165153.jpg,0,2202,u,Chelsea,7.9,FOW,https://fantasy.premierleague.com/dist/img/shirts/standard/shirt_8-66.webp
Kepa Arrizabalaga,0.0,109745.jpg,0,3004,a,Chelsea,4.4,GK,https://fantasy.premierleague.com/dist/img/shirts/standard/shirt_8-66.webp
Ross Barkley,0.0,88894.jpg,0,1717,a,Chelsea,4.9,MID,https://fantasy.premierleague.com/dist/img/shirts/standard/shirt_8-66.webp
Marcos Alonso,0.0,82263.jpg,0,7280,a,Chelsea,5.3,DEF,https://fantasy.premierleague.com/dist/img/shirts/standard/shirt_8-66.webp
Carney Chukwuemeka,0.0,478912.jpg,0,23592,a,Chelsea,4.4,MID,https://fantasy.premierleague.com/dist/img/shirts/standard/shirt_8-66.webp
Evan Ferguson,0.0,487117.jpg,0,4806,a,Brighton,4.5,FOW,https://fantasy.premierleague.com/dist/img/shirts/standard/shirt_36-66.webp
Jan Paul van Hecke,0.0,469142.jpg,1,16393,a,Brighton,4.0,DEF,https://fantasy.premierleague.com/dist/img/shirts/standard/shirt_36-66.webp
Matt Clarke,0.0,178173.jpg,0,10007,u,Brighton,4.0,DEF,https://fantasy.premierleague.com/dist/img/shirts/standard/shirt_36-66.webp
Kacper Kozłowski,0.0,484658.jpg,0,1670,u,Brighton,4.5,MID,https://fantasy.premierleague.com/dist/img/shirts/standard/shirt_36-66.webp
Malang Sarr,0.0,204727.jpg,0,289,u,Chelsea,5.0,DEF,https://fantasy.premierleague.com/dist/img/shirts/standard/shirt_8-66.webp
Julio Enciso,0.0,474120.jpg,0,10255,a,Brighton,4.9,FOW,https://fantasy.premierleague.com/dist/img/shirts/standard/shirt_36-66.webp
Haydon Roberts,0.0,433589.jpg,0,0,u,Brighton,4.0,DEF,https://fantasy.premierleague.com/dist/img/shirts/standard/shirt_36-66.webp
Taylor Richards,0.0,209045.jpg,0,0,u,Brighton,4.5,MID,https://fantasy.premierleague.com/dist/img/shirts/standard/shirt_36-66.webp
Jeremy Sarmiento Morante,0.0,441192.jpg,0,2518,i,Brighton,4.5,MID,https://fantasy.premierleague.com/dist/img/shirts/standard/shirt_36-66.webp
Jakub Moder,0.0,243505.jpg,0,405,i,Brighton,4.4,MID,https://fantasy.premierleague.com/dist/img/shirts/standard/shirt_36-66.webp
Steven Alzate,0.0,235382.jpg,0,7627,a,Brighton,4.5,MID,https://fantasy.premierleague.com/dist/img/shirts/standard/shirt_36-66.webp
Jason Steele,0.0,49262.jpg,0,13184,a,Brighton,4.0,GK,https://fantasy.premierleague.com/dist/img/shirts/standard/shirt_36-66.webp
Fin Stevens,0.0,450550.jpg,0,11061,a,Brentford,4.0,DEF,https://fantasy.premierleague.com/dist/img/shirts/standard/shirt_94-66.webp
Robert Kenedy Nunes do Nascimento,0.0,167767.jpg,0,18268,a,Chelsea,3.9,DEF,https://fantasy.premierleague.com/dist/img/shirts/standard/shirt_8-66.webp
Callum Hudson-Odoi,0.0,209046.jpg,0,1884,u,Chelsea,5.3,MID,https://fantasy.premierleague.com/dist/img/shirts/standard/shirt_8-66.webp
Ellery Balcombe,0.0,235448.jpg,0,0,u,Brentford,4.0,GK,https://fantasy.premierleague.com/dist/img/shirts/standard/shirt_94-66.webp
Sam Johnstone,0.0,101982.jpg,0,992,a,Crystal Palace,4.5,GK,https://fantasy.premierleague.com/dist/img/shirts/standard/shirt_31-66.webp
Seamus Coleman,0.0,59949.jpg,0,2389,a,Everton,4.5,DEF,https://fantasy.premierleague.com/dist/img/shirts/standard/shirt_11-66.webp
Asmir Begović,0.0,40349.jpg,0,10880,a,Everton,4.0,GK,https://fantasy.premierleague.com/dist/img/shirts/standard/shirt_11-66.webp
Neal Maupay,0.0,115382.jpg,0,19822,a,Everton,6.2,FOW,https://fantasy.premierleague.com/dist/img/shirts/standard/shirt_11-66.webp
Killian Phillips,0.0,532135.jpg,0,59,a,Crystal Palace,4.5,MID,https://fantasy.premierleague.com/dist/img/shirts/standard/shirt_31-66.webp
Kaden Rodney,0.0,530318.jpg,0,222,a,Crystal Palace,4.5,MID,https://fantasy.premierleague.com/dist/img/shirts/standard/shirt_31-66.webp
Joseph Whitworth,0.0,487818.jpg,0,7574,a,Crystal Palace,4.0,GK,https://fantasy.premierleague.com/dist/img/shirts/standard/shirt_31-66.webp
Luke Plange,0.0,450541.jpg,0,18888,u,Crystal Palace,4.5,FOW,https://fantasy.premierleague.com/dist/img/shirts/standard/shirt_31-66.webp
Remi Matthews,0.0,169593.jpg,0,0,u,Crystal Palace,4.0,GK,https://fantasy.premierleague.com/dist/img/shirts/standard/shirt_31-66.webp
Nathan Ferguson,0.0,232423.jpg,0,24037,i,Crystal Palace,3.9,DEF,https://fantasy.premierleague.com/dist/img/shirts/standard/shirt_31-66.webp
Billy Gilmour,0.0,243568.jpg,0,29783,a,Chelsea,4.4,MID,https://fantasy.premierleague.com/dist/img/shirts/standard/shirt_8-66.webp
Jesurun Rak-Sakyi,0.0,450542.jpg,0,241,u,Crystal Palace,4.5,MID,https://fantasy.premierleague.com/dist/img/shirts/standard/shirt_31-66.webp
Jairo Riedewald,0.0,173954.jpg,0,1809,a,Crystal Palace,4.4,MID,https://fantasy.premierleague.com/dist/img/shirts/standard/shirt_31-66.webp
Jack Butland,0.0,105666.jpg,0,406,d,Crystal Palace,4.4,GK,https://fantasy.premierleague.com/dist/img/shirts/standard/shirt_31-66.webp
Christian Benteke,0.0,54861.jpg,0,3358,u,Crystal Palace,5.5,FOW,https://fantasy.premierleague.com/dist/img/shirts/standard/shirt_31-66.webp
James McArthur,0.0,50471.jpg,0,227,i,Crystal Palace,4.9,MID,https://fantasy.premierleague.com/dist/img/shirts/standard/shirt_31-66.webp
James Tomkins,0.0,49413.jpg,0,1403,i,Crystal Palace,3.9,DEF,https://fantasy.premierleague.com/dist/img/shirts/standard/shirt_31-66.webp
Harvey Vale,0.0,491785.jpg,0,30,a,Chelsea,4.5,MID,https://fantasy.premierleague.com/dist/img/shirts/standard/shirt_8-66.webp
Ethan Ampadu,0.0,199598.jpg,0,1371,a,Chelsea,4.4,DEF,https://fantasy.premierleague.com/dist/img/shirts/standard/shirt_8-66.webp
Thomas Strakosha,0.0,140200.jpg,0,2026,a,Brentford,4.4,GK,https://fantasy.premierleague.com/dist/img/shirts/standard/shirt_94-66.webp
Mads Bidstrup,0.0,481405.jpg,0,0,u,Brentford,4.5,MID,https://fantasy.premierleague.com/dist/img/shirts/standard/shirt_94-66.webp
Allan Marques Loureiro,0.0,119765.jpg,0,3160,a,Everton,4.9,MID,https://fantasy.premierleague.com/dist/img/shirts/standard/shirt_11-66.webp
Fábio Ferreira Vieira,0.0,438098.jpg,0,1117,a,Arsenal,5.7,MID,https://fantasy.premierleague.com/dist/img/shirts/standard/shirt_3-66.webp
Anwar El Ghazi,0.0,193488.jpg,0,2404,a,Aston Villa,4.8,MID,https://fantasy.premierleague.com/dist/img/shirts/standard/shirt_7-66.webp
Tim Iroegbunam,0.0,490094.jpg,0,1194,a,Aston Villa,4.5,MID,https://fantasy.premierleague.com/dist/img/shirts/standard/shirt_7-66.webp
Marvelous Nakamba,0.0,184704.jpg,0,8727,a,Aston Villa,4.4,MID,https://fantasy.premierleague.com/dist/img/shirts/standard/shirt_7-66.webp
Kortney Hause,0.0,123354.jpg,0,89,u,Aston Villa,4.4,DEF,https://fantasy.premierleague.com/dist/img/shirts/standard/shirt_7-66.webp
Morgan Sanson,0.0,122775.jpg,0,12964,a,Aston Villa,4.5,MID,https://fantasy.premierleague.com/dist/img/shirts/standard/shirt_7-66.webp
Robin Olsen,0.0,111782.jpg,0,20242,a,Aston Villa,4.0,GK,https://fantasy.premierleague.com/dist/img/shirts/standard/shirt_7-66.webp
Bertrand Traoré,0.0,110504.jpg,0,3136,u,Aston Villa,4.9,MID,https://fantasy.premierleague.com/dist/img/shirts/standard/shirt_7-66.webp
Marcus Oliveira Alencar,0.0,479683.jpg,0,2653,a,Arsenal,4.8,MID,https://fantasy.premierleague.com/dist/img/shirts/standard/shirt_3-66.webp
Matt Turner,0.0,224068.jpg,0,29687,a,Arsenal,3.9,GK,https://fantasy.premierleague.com/dist/img/shirts/standard/shirt_3-66.webp
Jaden Philogene-Bidace,0.0,481624.jpg,0,0,u,Aston Villa,4.5,MID,https://fantasy.premierleague.com/dist/img/shirts/standard/shirt_7-66.webp
Reiss Nelson,0.0,200641.jpg,0,191,i,Arsenal,4.9,MID,https://fantasy.premierleague.com/dist/img/shirts/standard/shirt_3-66.webp
Lucas Torreira di Pascua,0.0,198849.jpg,0,2811,u,Arsenal,4.5,MID,https://fantasy.premierleague.com/dist/img/shirts/standard/shirt_3-66.webp
Ainsley Maitland-Niles,0.0,154043.jpg,0,1709,a,Arsenal,4.8,MID,https://fantasy.premierleague.com/dist/img/shirts/standard/shirt_3-66.webp
Pablo Marí Villar,0.0,92371.jpg,0,162,u,Arsenal,4.5,DEF,https://fantasy.premierleague.com/dist/img/shirts/standard/shirt_3-66.webp
Albert Sambi Lokonga,0.0,437742.jpg,2,13639,a,Arsenal,4.4,MID,https://fantasy.premierleague.com/dist/img/shirts/standard/shirt_3-66.webp
Nuno Varela Tavares,0.0,437626.jpg,0,0,u,Arsenal,4.5,DEF,https://fantasy.premierleague.com/dist/img/shirts/standard/shirt_3-66.webp
Nicolas Pépé,0.0,195735.jpg,0,5198,u,Arsenal,5.3,MID,https://fantasy.premierleague.com/dist/img/shirts/standard/shirt_3-66.webp
Rob Holding,0.0,156074.jpg,1,2205,a,Arsenal,4.3,DEF,https://fantasy.premierleague.com/dist/img/shirts/standard/shirt_3-66.webp
Keinan Davis,0.0,221239.jpg,0,586,u,Aston Villa,5.4,FOW,https://fantasy.premierleague.com/dist/img/shirts/standard/shirt_7-66.webp
Frédéric Guilbert,0.0,203368.jpg,0,28228,a,Aston Villa,4.0,DEF,https://fantasy.premierleague.com/dist/img/shirts/standard/shirt_7-66.webp
Dominic Thompson,0.0,232247.jpg,0,0,u,Brentford,4.0,DEF,https://fantasy.premierleague.com/dist/img/shirts/standard/shirt_94-66.webp
James Hill,0.0,463981.jpg,0,565,a,Bournemouth,4.5,DEF,https://fantasy.premierleague.com/dist/img/shirts/standard/shirt_91-66.webp
Marcus Forss,0.0,216620.jpg,0,0,u,Brentford,4.5,FOW,https://fantasy.premierleague.com/dist/img/shirts/standard/shirt_94-66.webp
Charlie Goode,0.0,213687.jpg,0,12984,a,Brentford,4.0,DEF,https://fantasy.premierleague.com/dist/img/shirts/standard/shirt_94-66.webp
Ethan Pinnock,0.0,231065.jpg,0,89,i,Brentford,4.4,DEF,https://fantasy.premierleague.com/dist/img/shirts/standard/shirt_94-66.webp
Kristoffer Ajer,0.0,191866.jpg,0,390,d,Brentford,4.5,DEF,https://fantasy.premierleague.com/dist/img/shirts/standard/shirt_94-66.webp
Sergi Canós Tenés,0.0,174932.jpg,0,533,i,Brentford,5.0,DEF,https://fantasy.premierleague.com/dist/img/shirts/standard/shirt_94-66.webp
Owen Bevan,0.0,518906.jpg,1,3523,a,Bournemouth,4.0,DEF,https://fantasy.premierleague.com/dist/img/shirts/standard/shirt_91-66.webp
Christian Saydee,0.0,461017.jpg,0,3743,a,Bournemouth,4.5,FOW,https://fantasy.premierleague.com/dist/img/shirts/standard/shirt_91-66.webp
Norberto Murara Neto,0.0,69752.jpg,0,2614,a,Bournemouth,4.5,GK,https://fantasy.premierleague.com/dist/img/shirts/standard/shirt_91-66.webp
Joe Rothwell,0.0,156685.jpg,0,183,i,Bournemouth,4.9,MID,https://fantasy.premierleague.com/dist/img/shirts/standard/shirt_91-66.webp
Ludwig Augustinsson,0.0,155561.jpg,0,875,a,Aston Villa,4.4,DEF,https://fantasy.premierleague.com/dist/img/shirts/standard/shirt_7-66.webp
Will Dennis,0.0,444172.jpg,0,8262,a,Bournemouth,4.0,GK,https://fantasy.premierleague.com/dist/img/shirts/standard/shirt_91-66.webp
Siriki Dembélé,0.0,244085.jpg,0,1371,a,Bournemouth,4.8,MID,https://fantasy.premierleague.com/dist/img/shirts/standard/shirt_91-66.webp
Jamal Lowe,0.0,128309.jpg,1,384,d,Bournemouth,5.3,MID,https://fantasy.premierleague.com/dist/img/shirts/standard/shirt_91-66.webp
David Brooks,0.0,111317.jpg,0,253,i,Bournemouth,5.4,MID,https://fantasy.premierleague.com/dist/img/shirts/standard/shirt_91-66.webp
Ryan Fredericks,0.0,81012.jpg,0,222,d,Bournemouth,4.4,DEF,https://fantasy.premierleague.com/dist/img/shirts/standard/shirt_91-66.webp
Junior Stanislas,0.0,56872.jpg,2,1073,i,Bournemouth,4.8,MID,https://fantasy.premierleague.com/dist/img/shirts/standard/shirt_91-66.webp
Ashley Young,0.0,18892.jpg,0,3396,a,Aston Villa,4.4,DEF,https://fantasy.premierleague.com/dist/img/shirts/standard/shirt_7-66.webp
Kaine Kesler Hayden,0.0,537043.jpg,0,1637,u,Aston Villa,4.0,DEF,https://fantasy.premierleague.com/dist/img/shirts/standard/shirt_7-66.webp
Karl Darlow,0.0,59735.jpg,0,10282,a,Newcastle,4.0,GK,https://fantasy.premierleague.com/dist/img/shirts/standard/shirt_4-66.webp
Andros Townsend,0.0,60252.jpg,0,253,i,Everton,5.5,MID,https://fantasy.premierleague.com/dist/img/shirts/standard/shirt_11-66.webp
André Tavares Gomes,0.0,120250.jpg,0,922,d,Everton,4.5,MID,https://fantasy.premierleague.com/dist/img/shirts/standard/shirt_11-66.webp
Rhys Williams,0.0,219937.jpg,0,0,u,Liverpool,4.0,DEF,https://fantasy.premierleague.com/dist/img/shirts/standard/shirt_14-66.webp
Luke Mbete-Tabu,0.0,439510.jpg,0,46987,d,Man city,3.9,DEF,https://fantasy.premierleague.com/dist/img/shirts/standard/shirt_43-66.webp
James McAtee,0.0,432714.jpg,0,0,u,Man city,4.5,MID,https://fantasy.premierleague.com/dist/img/shirts/standard/shirt_43-66.webp
Zack Steffen,0.0,164484.jpg,0,0,u,Man city,4.0,GK,https://fantasy.premierleague.com/dist/img/shirts/standard/shirt_43-66.webp
Aymeric Laporte,0.0,146941.jpg,0,1007,i,Man city,5.9,DEF,https://fantasy.premierleague.com/dist/img/shirts/standard/shirt_43-66.webp
Harvey Davies,0.0,464353.jpg,0,217,a,Liverpool,4.0,GK,https://fantasy.premierleague.com/dist/img/shirts/standard/shirt_14-66.webp
Luke Chambers,0.0,462491.jpg,0,2615,a,Liverpool,4.0,DEF,https://fantasy.premierleague.com/dist/img/shirts/standard/shirt_14-66.webp
Sepp van den Berg,0.0,444765.jpg,0,10688,u,Liverpool,4.0,DEF,https://fantasy.premierleague.com/dist/img/shirts/standard/shirt_14-66.webp
Ben Davies,0.0,152898.jpg,0,0,u,Liverpool,4.0,DEF,https://fantasy.premierleague.com/dist/img/shirts/standard/shirt_14-66.webp
Adrián San Miguel del Castillo,0.0,60706.jpg,0,12307,a,Liverpool,4.0,GK,https://fantasy.premierleague.com/dist/img/shirts/standard/shirt_14-66.webp
Cody Drameh,0.0,433590.jpg,0,3400,a,Leeds,4.0,DEF,https://fantasy.premierleague.com/dist/img/shirts/standard/shirt_2-66.webp
Calvin Ramsay,0.0,489580.jpg,0,4057,i,Liverpool,3.9,DEF,https://fantasy.premierleague.com/dist/img/shirts/standard/shirt_14-66.webp
Curtis Jones,0.0,206915.jpg,0,99,d,Liverpool,4.9,MID,https://fantasy.premierleague.com/dist/img/shirts/standard/shirt_14-66.webp
Ibrahima Konaté,0.0,204716.jpg,0,1847,i,Liverpool,4.8,DEF,https://fantasy.premierleague.com/dist/img/shirts/standard/shirt_14-66.webp
Caoimhin Kelleher,0.0,200720.jpg,0,1140,d,Liverpool,4.0,GK,https://fantasy.premierleague.com/dist/img/shirts/standard/shirt_14-66.webp
Diogo Teixeira da Silva,0.0,194634.jpg,0,3671,i,Liverpool,8.9,FOW,https://fantasy.premierleague.com/dist/img/shirts/standard/shirt_14-66.webp
Naby Keita,0.0,175592.jpg,0,7427,i,Liverpool,4.8,MID,https://fantasy.premierleague.com/dist/img/shirts/standard/shirt_14-66.webp
Alex Oxlade-Chamberlain,0.0,81880.jpg,0,109,i,Liverpool,4.9,MID,https://fantasy.premierleague.com/dist/img/shirts/standard/shirt_14-66.webp
Jean-Philippe Gbamin,0.0,160987.jpg,0,1426,u,Everton,4.5,MID,https://fantasy.premierleague.com/dist/img/shirts/standard/shirt_11-66.webp
Josh Wilson-Esbrand,0.0,447880.jpg,0,32748,a,Man city,3.9,DEF,https://fantasy.premierleague.com/dist/img/shirts/standard/shirt_43-66.webp
Liam Delap,0.0,463034.jpg,0,13802,u,Man city,4.4,FOW,https://fantasy.premierleague.com/dist/img/shirts/standard/shirt_43-66.webp
Stefan Ortega Moreno,0.0,88248.jpg,0,18131,a,Man city,3.9,GK,https://fantasy.premierleague.com/dist/img/shirts/standard/shirt_43-66.webp
Scott Carson,0.0,17601.jpg,0,1359,a,Man city,4.0,GK,https://fantasy.premierleague.com/dist/img/shirts/standard/shirt_43-66.webp
Ciaran Clark,0.0,58845.jpg,0,0,u,Newcastle,4.5,DEF,https://fantasy.premierleague.com/dist/img/shirts/standard/shirt_4-66.webp
Federico Fernández,0.0,57145.jpg,0,455,a,Newcastle,4.4,DEF,https://fantasy.premierleague.com/dist/img/shirts/standard/shirt_4-66.webp
Matt Ritchie,0.0,56983.jpg,1,922,a,Newcastle,4.4,DEF,https://fantasy.premierleague.com/dist/img/shirts/standard/shirt_4-66.webp
Jonjo Shelvey,0.0,50232.jpg,0,268,i,Newcastle,4.9,MID,https://fantasy.premierleague.com/dist/img/shirts/standard/shirt_4-66.webp
James Garner,0.0,232928.jpg,0,1991,a,Man United,4.5,MID,https://fantasy.premierleague.com/dist/img/shirts/standard/shirt_1-66.webp
Alejandro Garnacho,0.0,493105.jpg,1,14297,a,Man United,4.4,MID,https://fantasy.premierleague.com/dist/img/shirts/standard/shirt_1-66.webp
Zidane Iqbal,0.0,461548.jpg,0,4470,a,Man United,4.4,MID,https://fantasy.premierleague.com/dist/img/shirts/standard/shirt_1-66.webp
Amad Diallo,0.0,493250.jpg,0,4617,a,Man United,4.4,MID,https://fantasy.premierleague.com/dist/img/shirts/standard/shirt_1-66.webp
Tom Heaton,0.0,21205.jpg,0,5280,a,Man United,4.0,GK,https://fantasy.premierleague.com/dist/img/shirts/standard/shirt_1-66.webp
Facundo Pellistri Rebollo,0.0,488404.jpg,0,921,i,Man United,4.4,MID,https://fantasy.premierleague.com/dist/img/shirts/standard/shirt_1-66.webp
Brandon Williams,0.0,232937.jpg,0,66070,a,Man United,3.9,DEF,https://fantasy.premierleague.com/dist/img/shirts/standard/shirt_1-66.webp
Eric Bailly,0.0,197365.jpg,0,20468,u,Man United,4.0,DEF,https://fantasy.premierleague.com/dist/img/shirts/standard/shirt_1-66.webp
Victor Lindelöf,0.0,184667.jpg,0,766,d,Man United,4.3,DEF,https://fantasy.premierleague.com/dist/img/shirts/standard/shirt_1-66.webp
Alex Telles,0.0,152590.jpg,0,0,u,Man United,5.0,DEF,https://fantasy.premierleague.com/dist/img/shirts/standard/shirt_1-66.webp
Phil Jones,0.0,76359.jpg,0,31876,a,Man United,3.9,DEF,https://fantasy.premierleague.com/dist/img/shirts/standard/shirt_1-66.webp
Ben Knight,0.0,244932.jpg,0,49,a,Man city,4.5,MID,https://fantasy.premierleague.com/dist/img/shirts/standard/shirt_43-66.webp
Claudio Gomes,0.0,219291.jpg,0,359,a,Man city,4.5,MID,https://fantasy.premierleague.com/dist/img/shirts/standard/shirt_43-66.webp
Archie Gray,0.0,547701.jpg,0,5334,a,Leeds,4.5,MID,https://fantasy.premierleague.com/dist/img/shirts/standard/shirt_2-66.webp
Joel Robles,0.0,78315.jpg,0,2055,a,Leeds,4.0,GK,https://fantasy.premierleague.com/dist/img/shirts/standard/shirt_2-66.webp
Darko Gyabi,0.0,470294.jpg,0,11127,a,Leeds,4.4,MID,https://fantasy.premierleague.com/dist/img/shirts/standard/shirt_2-66.webp
Paulo Gazzaniga Farias,0.0,102884.jpg,0,15883,a,Fulham,4.0,GK,https://fantasy.premierleague.com/dist/img/shirts/standard/shirt_54-66.webp
Kasper Schmeichel,0.0,17745.jpg,0,0,u,Leicester,5.0,GK,https://fantasy.premierleague.com/dist/img/shirts/standard/shirt_13-66.webp
Terry Ablade,0.0,247664.jpg,0,6965,a,Fulham,4.5,FOW,https://fantasy.premierleague.com/dist/img/shirts/standard/shirt_54-66.webp
Luke Harris,0.0,515024.jpg,0,2292,a,Fulham,4.5,MID,https://fantasy.premierleague.com/dist/img/shirts/standard/shirt_54-66.webp
Rodrigo Muniz Carvalho,0.0,244042.jpg,0,3387,u,Fulham,5.4,FOW,https://fantasy.premierleague.com/dist/img/shirts/standard/shirt_54-66.webp
Josh Onomah,0.0,168765.jpg,0,3931,a,Fulham,4.4,MID,https://fantasy.premierleague.com/dist/img/shirts/standard/shirt_54-66.webp
Ivan Neves Abreu Cavaleiro,0.0,166324.jpg,0,1672,a,Fulham,4.8,MID,https://fantasy.premierleague.com/dist/img/shirts/standard/shirt_54-66.webp
Harry Wilson,0.0,153682.jpg,0,455,i,Fulham,5.8,MID,https://fantasy.premierleague.com/dist/img/shirts/standard/shirt_54-66.webp
Terence Kongolo,0.0,109434.jpg,0,7269,a,Fulham,3.9,DEF,https://fantasy.premierleague.com/dist/img/shirts/standard/shirt_54-66.webp
Joe Bryan,0.0,101105.jpg,0,425,a,Fulham,4.4,DEF,https://fantasy.premierleague.com/dist/img/shirts/standard/shirt_54-66.webp
Leo Fuhr Hjelde,0.0,477547.jpg,0,3268,a,Leeds,4.0,DEF,https://fantasy.premierleague.com/dist/img/shirts/standard/shirt_2-66.webp
Anthony Knockaert,0.0,83543.jpg,0,527,a,Fulham,4.8,MID,https://fantasy.premierleague.com/dist/img/shirts/standard/shirt_54-66.webp
Shane Duffy,0.0,61933.jpg,2,2239,a,Fulham,4.4,DEF,https://fantasy.premierleague.com/dist/img/shirts/standard/shirt_54-66.webp
Reece Welch,0.0,474907.jpg,0,65,a,Everton,4.0,DEF,https://fantasy.premierleague.com/dist/img/shirts/standard/shirt_11-66.webp
Lewis Warrington,0.0,461453.jpg,0,12545,a,Everton,4.4,MID,https://fantasy.premierleague.com/dist/img/shirts/standard/shirt_11-66.webp
Stanley Mills,0.0,510328.jpg,0,1421,a,Everton,4.5,MID,https://fantasy.premierleague.com/dist/img/shirts/standard/shirt_11-66.webp
Niels Nkounkou,0.0,495542.jpg,0,8908,u,Everton,4.0,DEF,https://fantasy.premierleague.com/dist/img/shirts/standard/shirt_11-66.webp
Jarrad Branthwaite,0.0,480455.jpg,0,0,u,Everton,4.0,DEF,https://fantasy.premierleague.com/dist/img/shirts/standard/shirt_11-66.webp
Dominic Calvert-Lewin,0.0,177815.jpg,0,1244,i,Everton,7.9,FOW,https://fantasy.premierleague.com/dist/img/shirts/standard/shirt_11-66.webp
Ryan Bertrand,0.0,40146.jpg,0,1667,i,Leicester,4.0,DEF,https://fantasy.premierleague.com/dist/img/shirts/standard/shirt_13-66.webp
Marc Albrighton,0.0,51938.jpg,0,2975,a,Leicester,4.9,MID,https://fantasy.premierleague.com/dist/img/shirts/standard/shirt_13-66.webp
Nampalys Mendy,0.0,86881.jpg,0,16671,a,Leicester,4.4,MID,https://fantasy.premierleague.com/dist/img/shirts/standard/shirt_13-66.webp
Jannik Vestergaard,0.0,93100.jpg,0,115560,a,Leicester,3.9,DEF,https://fantasy.premierleague.com/dist/img/shirts/standard/shirt_13-66.webp
Lewis Bate,0.0,450529.jpg,0,0,u,Leeds,4.5,MID,https://fantasy.premierleague.com/dist/img/shirts/standard/shirt_2-66.webp
Junior Firpo Adames,0.0,443967.jpg,0,121,i,Leeds,4.5,DEF,https://fantasy.premierleague.com/dist/img/shirts/standard/shirt_2-66.webp
Kristoffer Klaesson,0.0,223081.jpg,0,3532,a,Leeds,4.0,GK,https://fantasy.premierleague.com/dist/img/shirts/standard/shirt_2-66.webp
Jamie Shackleton,0.0,221610.jpg,0,0,u,Leeds,4.5,MID,https://fantasy.premierleague.com/dist/img/shirts/standard/shirt_2-66.webp
Raphael Dias Belloli,0.0,219961.jpg,0,0,u,Leeds,7.0,MID,https://fantasy.premierleague.com/dist/img/shirts/standard/shirt_2-66.webp
Tyler Roberts,0.0,173821.jpg,0,0,u,Leeds,5.0,MID,https://fantasy.premierleague.com/dist/img/shirts/standard/shirt_2-66.webp
Luke Ayling,0.0,66588.jpg,0,447,i,Leeds,4.5,DEF,https://fantasy.premierleague.com/dist/img/shirts/standard/shirt_2-66.webp
Liam Cooper,0.0,55914.jpg,0,495,d,Leeds,4.5,DEF,https://fantasy.premierleague.com/dist/img/shirts/standard/shirt_2-66.webp
Alex Smithies,0.0,45220.jpg,0,3002,a,Leicester,4.0,GK,https://fantasy.premierleague.com/dist/img/shirts/standard/shirt_13-66.webp
Daniel Iversen,0.0,207270.jpg,0,98548,a,Leicester,3.9,GK,https://fantasy.premierleague.com/dist/img/shirts/standard/shirt_13-66.webp
Lewis Brunt,0.0,232620.jpg,0,6056,a,Leicester,4.0,DEF,https://fantasy.premierleague.com/dist/img/shirts/standard/shirt_13-66.webp
Wesley Fofana,0.0,444463.jpg,0,60854,a,Leicester,4.4,DEF,https://fantasy.premierleague.com/dist/img/shirts/standard/shirt_13-66.webp
Luke Thomas,0.0,244619.jpg,0,702,a,Leicester,4.4,DEF,https://fantasy.premierleague.com/dist/img/shirts/standard/shirt_13-66.webp
Çaglar Söyüncü,0.0,218031.jpg,0,5241,a,Leicester,4.3,DEF,https://fantasy.premierleague.com/dist/img/shirts/standard/shirt_13-66.webp
Hamza Choudhury,0.0,197469.jpg,0,1196,u,Leicester,4.5,MID,https://fantasy.premierleague.com/dist/img/shirts/standard/shirt_13-66.webp
Ricardo Barbosa Pereira,0.0,111931.jpg,0,313,i,Leicester,4.3,DEF,https://fantasy.premierleague.com/dist/img/shirts/standard/shirt_13-66.webp
Stuart Dallas,0.0,87873.jpg,0,467,i,Leeds,5.0,DEF,https://fantasy.premierleague.com/dist/img/shirts/standard/shirt_2-66.webp
Jack Stacey,-0.22000000000000003,154131.jpg,-1,401,a,Bournemouth,4.4,DEF,https://fantasy.premierleague.com/dist/img/shirts/standard/shirt_91-66.webp
Marcos Senesi,-0.6000000000000001,221466.jpg,-1,1068,a,Bournemouth,4.5,DEF,https://fantasy.premierleague.com/dist/img/shirts/standard/shirt_91-66.webp
Luke Shaw,-1.8,106760.jpg,-1,10170,a,Man United,4.7,DEF,https://fantasy.premierleague.com/dist/img/shirts/standard/shirt_1-66.webp
Harry Maguire,-1.82,95658.jpg,-1,9822,a,Man United,4.7,DEF,https://fantasy.premierleague.com/dist/img/shirts/standard/shirt_1-66.webp
